-- Generated by Craft v2.6.2989 on 15 Sep 2017 16:10:06.

--
-- Disable foreign key checks and autocommit.
--

SET FOREIGN_KEY_CHECKS = 0;
SET SQL_MODE = "NO_AUTO_VALUE_ON_ZERO";
SET AUTOCOMMIT = 0;
SET NAMES utf8;


DROP TABLE IF EXISTS `craft_assetfiles`;


--
-- Schema for table `craft_assetfiles`
--
CREATE TABLE `craft_assetfiles` (
  `id` int(11) NOT NULL,
  `sourceId` int(11) DEFAULT NULL,
  `folderId` int(11) NOT NULL,
  `filename` varchar(255) COLLATE utf8_unicode_ci NOT NULL,
  `kind` varchar(50) COLLATE utf8_unicode_ci NOT NULL DEFAULT 'unknown',
  `width` int(11) unsigned DEFAULT NULL,
  `height` int(11) unsigned DEFAULT NULL,
  `size` bigint(20) unsigned DEFAULT NULL,
  `dateModified` datetime DEFAULT NULL,
  `dateCreated` datetime NOT NULL,
  `dateUpdated` datetime NOT NULL,
  `uid` char(36) COLLATE utf8_unicode_ci NOT NULL DEFAULT '0',
  PRIMARY KEY (`id`),
  UNIQUE KEY `craft_assetfiles_filename_folderId_unq_idx` (`filename`,`folderId`),
  KEY `craft_assetfiles_sourceId_fk` (`sourceId`),
  KEY `craft_assetfiles_folderId_fk` (`folderId`)
) ENGINE=InnoDB DEFAULT CHARSET=utf8 COLLATE=utf8_unicode_ci;

DROP TABLE IF EXISTS `craft_assetfolders`;


--
-- Schema for table `craft_assetfolders`
--
CREATE TABLE `craft_assetfolders` (
  `id` int(11) NOT NULL AUTO_INCREMENT,
  `parentId` int(11) DEFAULT NULL,
  `sourceId` int(11) DEFAULT NULL,
  `name` varchar(255) COLLATE utf8_unicode_ci NOT NULL,
  `path` varchar(255) COLLATE utf8_unicode_ci DEFAULT NULL,
  `dateCreated` datetime NOT NULL,
  `dateUpdated` datetime NOT NULL,
  `uid` char(36) COLLATE utf8_unicode_ci NOT NULL DEFAULT '0',
  PRIMARY KEY (`id`),
  UNIQUE KEY `craft_assetfolders_name_parentId_sourceId_unq_idx` (`name`,`parentId`,`sourceId`),
  KEY `craft_assetfolders_parentId_fk` (`parentId`),
  KEY `craft_assetfolders_sourceId_fk` (`sourceId`)
) ENGINE=InnoDB DEFAULT CHARSET=utf8 COLLATE=utf8_unicode_ci;

DROP TABLE IF EXISTS `craft_assetindexdata`;


--
-- Schema for table `craft_assetindexdata`
--
CREATE TABLE `craft_assetindexdata` (
  `id` int(11) NOT NULL AUTO_INCREMENT,
  `sessionId` varchar(36) COLLATE utf8_unicode_ci NOT NULL DEFAULT '',
  `sourceId` int(10) NOT NULL,
  `offset` int(10) NOT NULL,
  `uri` varchar(255) COLLATE utf8_unicode_ci DEFAULT NULL,
  `size` varchar(255) COLLATE utf8_unicode_ci DEFAULT NULL,
  `recordId` int(10) DEFAULT NULL,
  `dateCreated` datetime NOT NULL,
  `dateUpdated` datetime NOT NULL,
  `uid` char(36) COLLATE utf8_unicode_ci NOT NULL DEFAULT '0',
  PRIMARY KEY (`id`),
  UNIQUE KEY `craft_assetindexdata_sessionId_sourceId_offset_unq_idx` (`sessionId`,`sourceId`,`offset`),
  KEY `craft_assetindexdata_sourceId_fk` (`sourceId`)
) ENGINE=InnoDB DEFAULT CHARSET=utf8 COLLATE=utf8_unicode_ci;

DROP TABLE IF EXISTS `craft_assetsources`;


--
-- Schema for table `craft_assetsources`
--
CREATE TABLE `craft_assetsources` (
  `id` int(11) NOT NULL AUTO_INCREMENT,
  `name` varchar(255) COLLATE utf8_unicode_ci NOT NULL,
  `handle` varchar(255) COLLATE utf8_unicode_ci NOT NULL,
  `type` varchar(150) COLLATE utf8_unicode_ci NOT NULL,
  `settings` text COLLATE utf8_unicode_ci,
  `sortOrder` smallint(6) unsigned DEFAULT NULL,
  `fieldLayoutId` int(10) DEFAULT NULL,
  `dateCreated` datetime NOT NULL,
  `dateUpdated` datetime NOT NULL,
  `uid` char(36) COLLATE utf8_unicode_ci NOT NULL DEFAULT '0',
  PRIMARY KEY (`id`),
  UNIQUE KEY `craft_assetsources_name_unq_idx` (`name`),
  UNIQUE KEY `craft_assetsources_handle_unq_idx` (`handle`),
  KEY `craft_assetsources_fieldLayoutId_fk` (`fieldLayoutId`)
) ENGINE=InnoDB DEFAULT CHARSET=utf8 COLLATE=utf8_unicode_ci;

DROP TABLE IF EXISTS `craft_assettransformindex`;


--
-- Schema for table `craft_assettransformindex`
--
CREATE TABLE `craft_assettransformindex` (
  `id` int(11) NOT NULL AUTO_INCREMENT,
  `fileId` int(11) NOT NULL,
  `filename` varchar(255) COLLATE utf8_unicode_ci DEFAULT NULL,
  `format` varchar(255) COLLATE utf8_unicode_ci DEFAULT NULL,
  `location` varchar(255) COLLATE utf8_unicode_ci NOT NULL,
  `sourceId` int(11) DEFAULT NULL,
  `fileExists` tinyint(1) DEFAULT NULL,
  `inProgress` tinyint(1) DEFAULT NULL,
  `dateIndexed` datetime DEFAULT NULL,
  `dateCreated` datetime NOT NULL,
  `dateUpdated` datetime NOT NULL,
  `uid` char(36) COLLATE utf8_unicode_ci NOT NULL DEFAULT '0',
  PRIMARY KEY (`id`),
  KEY `craft_assettransformindex_sourceId_fileId_location_idx` (`sourceId`,`fileId`,`location`)
) ENGINE=InnoDB DEFAULT CHARSET=utf8 COLLATE=utf8_unicode_ci;

DROP TABLE IF EXISTS `craft_assettransforms`;


--
-- Schema for table `craft_assettransforms`
--
CREATE TABLE `craft_assettransforms` (
  `id` int(11) NOT NULL AUTO_INCREMENT,
  `name` varchar(255) COLLATE utf8_unicode_ci NOT NULL,
  `handle` varchar(255) COLLATE utf8_unicode_ci NOT NULL,
  `mode` enum('stretch','fit','crop') COLLATE utf8_unicode_ci NOT NULL DEFAULT 'crop',
  `position` enum('top-left','top-center','top-right','center-left','center-center','center-right','bottom-left','bottom-center','bottom-right') COLLATE utf8_unicode_ci NOT NULL DEFAULT 'center-center',
  `height` int(10) DEFAULT NULL,
  `width` int(10) DEFAULT NULL,
  `format` varchar(255) COLLATE utf8_unicode_ci DEFAULT NULL,
  `quality` int(10) DEFAULT NULL,
  `dimensionChangeTime` datetime DEFAULT NULL,
  `dateCreated` datetime NOT NULL,
  `dateUpdated` datetime NOT NULL,
  `uid` char(36) COLLATE utf8_unicode_ci NOT NULL DEFAULT '0',
  PRIMARY KEY (`id`),
  UNIQUE KEY `craft_assettransforms_name_unq_idx` (`name`),
  UNIQUE KEY `craft_assettransforms_handle_unq_idx` (`handle`)
) ENGINE=InnoDB DEFAULT CHARSET=utf8 COLLATE=utf8_unicode_ci;

DROP TABLE IF EXISTS `craft_categories`;


--
-- Schema for table `craft_categories`
--
CREATE TABLE `craft_categories` (
  `id` int(11) NOT NULL,
  `groupId` int(11) NOT NULL,
  `dateCreated` datetime NOT NULL,
  `dateUpdated` datetime NOT NULL,
  `uid` char(36) COLLATE utf8_unicode_ci NOT NULL DEFAULT '0',
  PRIMARY KEY (`id`),
  KEY `craft_categories_groupId_fk` (`groupId`)
) ENGINE=InnoDB DEFAULT CHARSET=utf8 COLLATE=utf8_unicode_ci;

DROP TABLE IF EXISTS `craft_categorygroups`;


--
-- Schema for table `craft_categorygroups`
--
CREATE TABLE `craft_categorygroups` (
  `id` int(11) NOT NULL AUTO_INCREMENT,
  `structureId` int(11) NOT NULL,
  `fieldLayoutId` int(11) DEFAULT NULL,
  `name` varchar(255) COLLATE utf8_unicode_ci NOT NULL,
  `handle` varchar(255) COLLATE utf8_unicode_ci NOT NULL,
  `hasUrls` tinyint(1) unsigned NOT NULL DEFAULT '1',
  `template` varchar(500) COLLATE utf8_unicode_ci DEFAULT NULL,
  `dateCreated` datetime NOT NULL,
  `dateUpdated` datetime NOT NULL,
  `uid` char(36) COLLATE utf8_unicode_ci NOT NULL DEFAULT '0',
  PRIMARY KEY (`id`),
  UNIQUE KEY `craft_categorygroups_name_unq_idx` (`name`),
  UNIQUE KEY `craft_categorygroups_handle_unq_idx` (`handle`),
  KEY `craft_categorygroups_structureId_fk` (`structureId`),
  KEY `craft_categorygroups_fieldLayoutId_fk` (`fieldLayoutId`)
) ENGINE=InnoDB DEFAULT CHARSET=utf8 COLLATE=utf8_unicode_ci;

DROP TABLE IF EXISTS `craft_categorygroups_i18n`;


--
-- Schema for table `craft_categorygroups_i18n`
--
CREATE TABLE `craft_categorygroups_i18n` (
  `id` int(11) NOT NULL AUTO_INCREMENT,
  `groupId` int(11) NOT NULL,
  `locale` char(12) COLLATE utf8_unicode_ci NOT NULL,
  `urlFormat` text COLLATE utf8_unicode_ci,
  `nestedUrlFormat` text COLLATE utf8_unicode_ci,
  `dateCreated` datetime NOT NULL,
  `dateUpdated` datetime NOT NULL,
  `uid` char(36) COLLATE utf8_unicode_ci NOT NULL DEFAULT '0',
  PRIMARY KEY (`id`),
  UNIQUE KEY `craft_categorygroups_i18n_groupId_locale_unq_idx` (`groupId`,`locale`),
  KEY `craft_categorygroups_i18n_locale_fk` (`locale`)
) ENGINE=InnoDB DEFAULT CHARSET=utf8 COLLATE=utf8_unicode_ci;

DROP TABLE IF EXISTS `craft_content`;


--
-- Schema for table `craft_content`
--
CREATE TABLE `craft_content` (
  `id` int(11) NOT NULL AUTO_INCREMENT,
  `elementId` int(11) NOT NULL,
  `locale` char(12) COLLATE utf8_unicode_ci NOT NULL,
  `title` varchar(255) COLLATE utf8_unicode_ci DEFAULT NULL,
  `field_body` text COLLATE utf8_unicode_ci,
  `field_textChunkTitle` text COLLATE utf8_unicode_ci,
  `field_fundName` text COLLATE utf8_unicode_ci,
  `field_fundRiskRating` varchar(255) COLLATE utf8_unicode_ci DEFAULT NULL,
  `field_fundManager` text COLLATE utf8_unicode_ci,
  `field_fundObjective` text COLLATE utf8_unicode_ci,
  `field_schemeName` text COLLATE utf8_unicode_ci,
  `field_productName` text COLLATE utf8_unicode_ci,
  `field_lifestyleName` text COLLATE utf8_unicode_ci,
  `field_lifestyleGlide` text COLLATE utf8_unicode_ci,
  `dateCreated` datetime NOT NULL,
  `dateUpdated` datetime NOT NULL,
  `uid` char(36) COLLATE utf8_unicode_ci NOT NULL DEFAULT '0',
  PRIMARY KEY (`id`),
  UNIQUE KEY `craft_content_elementId_locale_unq_idx` (`elementId`,`locale`),
  KEY `craft_content_title_idx` (`title`),
  KEY `craft_content_locale_fk` (`locale`)
) ENGINE=InnoDB AUTO_INCREMENT=17 DEFAULT CHARSET=utf8 COLLATE=utf8_unicode_ci;

--
-- Data for table `craft_content`
--

INSERT INTO `craft_content` (`id`, `elementId`, `locale`, `title`, `field_body`, `field_textChunkTitle`, `field_fundName`, `field_fundRiskRating`, `field_fundManager`, `field_fundObjective`, `field_schemeName`, `field_productName`, `field_lifestyleName`, `field_lifestyleGlide`, `dateCreated`, `dateUpdated`, `uid`) VALUES
 ('1', '1', 'en_gb', NULL, NULL, NULL, NULL, NULL, NULL, NULL, NULL, NULL, NULL, NULL, '2017-09-15 15:06:39', '2017-09-15 15:06:39', 'b6f60bfc-47a4-48a0-b619-0bcdb1349496'),
 ('4', '4', 'en_gb', NULL, '<p>Elephant plc. Registered in England on a hill. Company number 123465</p>', NULL, NULL, NULL, NULL, NULL, NULL, NULL, NULL, NULL, '2017-09-15 15:11:06', '2017-09-15 15:29:35', '0bf8061a-fac5-4424-810a-963d108eb285'),
 ('5', '5', 'en_gb', 'Fund Guide content', '<p>This is some content</p>', 'Fund guide content goes here', NULL, NULL, NULL, NULL, NULL, NULL, NULL, NULL, '2017-09-15 15:13:35', '2017-09-15 15:26:11', '9ff1c151-89bf-46f4-bbd9-179fae152550'),
 ('8', '8', 'en_gb', 'New Fund Guide', NULL, NULL, NULL, NULL, NULL, NULL, NULL, NULL, NULL, NULL, '2017-09-15 15:19:39', '2017-09-15 15:33:43', 'e0d41ab1-4b1c-4060-ad60-bb87522a4177'),
 ('10', '10', 'en_gb', 'Fund Guide intro', '<p>Welcome to <strong>your</strong> fund guide.</p>', 'Intro', NULL, NULL, NULL, NULL, NULL, NULL, NULL, NULL, '2017-09-15 15:24:39', '2017-09-15 15:34:58', 'ff531225-9b86-45f3-9681-9583c5c12ad0'),
 ('11', '11', 'en_gb', 'FG Special intro', '<p>This is your Fund Guide for your special product. Welcome.</p>', NULL, NULL, NULL, NULL, NULL, NULL, NULL, NULL, NULL, '2017-09-15 15:27:41', '2017-09-15 15:27:41', '9fc4a670-e00b-4d78-a505-304804977c23'),
 ('12', '12', 'en_gb', 'FG Footer', '<p>For more information, please get in touch on 0800111111.</p>', NULL, NULL, NULL, NULL, NULL, NULL, NULL, NULL, NULL, '2017-09-15 15:30:28', '2017-09-15 15:30:28', '74354021-b2bb-432b-9ba3-51a24eef810b'),
 ('13', '13', 'en_gb', 'Special conditions', '<p>There are some special conditions for this Fund Guide.</p>', NULL, NULL, NULL, NULL, NULL, NULL, NULL, NULL, NULL, '2017-09-15 15:33:17', '2017-09-15 15:33:17', '91bc63b7-da8b-4ec1-9d9e-450e0d243790'),
 ('14', '14', 'en_gb', 'asdf', NULL, NULL, 'Adams Fund', 'medium', 'Rich', '', NULL, NULL, NULL, NULL, '2017-09-15 15:39:26', '2017-09-15 15:42:08', '103e7713-3289-4fcd-bed4-b0d02897941e'),
 ('15', '15', 'en_gb', 'Adam KFA', NULL, NULL, NULL, NULL, NULL, NULL, 'Adam', '', NULL, NULL, '2017-09-15 15:49:36', '2017-09-15 15:59:13', '4f595f52-b4c7-4ee0-8e22-0a2ca4896170'),
 ('16', '16', 'en_gb', 'Rich KFA', NULL, NULL, NULL, NULL, NULL, NULL, 'Adam', '', NULL, NULL, '2017-09-15 15:50:48', '2017-09-15 16:03:33', '94f52043-7827-49c4-819a-5f3a75ccb241');



DROP TABLE IF EXISTS `craft_deprecationerrors`;


--
-- Schema for table `craft_deprecationerrors`
--
CREATE TABLE `craft_deprecationerrors` (
  `id` int(11) NOT NULL AUTO_INCREMENT,
  `key` varchar(255) COLLATE utf8_unicode_ci NOT NULL,
  `fingerprint` varchar(255) COLLATE utf8_unicode_ci NOT NULL,
  `lastOccurrence` datetime NOT NULL,
  `file` varchar(255) COLLATE utf8_unicode_ci NOT NULL,
  `line` smallint(6) unsigned NOT NULL,
  `class` varchar(255) COLLATE utf8_unicode_ci DEFAULT NULL,
  `method` varchar(255) COLLATE utf8_unicode_ci DEFAULT NULL,
  `template` varchar(255) COLLATE utf8_unicode_ci DEFAULT NULL,
  `templateLine` smallint(6) unsigned DEFAULT NULL,
  `message` varchar(255) COLLATE utf8_unicode_ci DEFAULT NULL,
  `traces` text COLLATE utf8_unicode_ci,
  `dateCreated` datetime NOT NULL,
  `dateUpdated` datetime NOT NULL,
  `uid` char(36) COLLATE utf8_unicode_ci NOT NULL DEFAULT '0',
  PRIMARY KEY (`id`),
  UNIQUE KEY `craft_deprecationerrors_key_fingerprint_unq_idx` (`key`,`fingerprint`)
) ENGINE=InnoDB DEFAULT CHARSET=utf8 COLLATE=utf8_unicode_ci;

DROP TABLE IF EXISTS `craft_elementindexsettings`;


--
-- Schema for table `craft_elementindexsettings`
--
CREATE TABLE `craft_elementindexsettings` (
  `id` int(11) NOT NULL AUTO_INCREMENT,
  `type` varchar(150) COLLATE utf8_unicode_ci NOT NULL,
  `settings` text COLLATE utf8_unicode_ci,
  `dateCreated` datetime NOT NULL,
  `dateUpdated` datetime NOT NULL,
  `uid` char(36) COLLATE utf8_unicode_ci NOT NULL DEFAULT '0',
  PRIMARY KEY (`id`),
  UNIQUE KEY `craft_elementindexsettings_type_unq_idx` (`type`)
) ENGINE=InnoDB AUTO_INCREMENT=3 DEFAULT CHARSET=utf8 COLLATE=utf8_unicode_ci;

--
-- Data for table `craft_elementindexsettings`
--

INSERT INTO `craft_elementindexsettings` (`id`, `type`, `settings`, `dateCreated`, `dateUpdated`, `uid`) VALUES
 ('1', 'Entry', '{\"sourceOrder\":[[\"key\",\"*\"],[\"heading\",\"Fund Guides\"],[\"key\",\"section:3\"],[\"key\",\"section:4\"]],\"sources\":{\"section:3\":{\"tableAttributes\":{\"1\":\"postDate\",\"2\":\"expiryDate\",\"3\":\"link\"}},\"section:4\":{\"tableAttributes\":{\"1\":\"postDate\",\"2\":\"expiryDate\",\"3\":\"link\"}}}}', '2017-09-15 15:26:34', '2017-09-15 15:34:14', 'f2ba13f7-49e6-4aaf-a18d-7a3df97e5131');



DROP TABLE IF EXISTS `craft_elements`;


--
-- Schema for table `craft_elements`
--
CREATE TABLE `craft_elements` (
  `id` int(11) NOT NULL AUTO_INCREMENT,
  `type` varchar(150) COLLATE utf8_unicode_ci NOT NULL,
  `enabled` tinyint(1) unsigned NOT NULL DEFAULT '1',
  `archived` tinyint(1) unsigned NOT NULL DEFAULT '0',
  `dateCreated` datetime NOT NULL,
  `dateUpdated` datetime NOT NULL,
  `uid` char(36) COLLATE utf8_unicode_ci NOT NULL DEFAULT '0',
  PRIMARY KEY (`id`),
  KEY `craft_elements_type_idx` (`type`),
  KEY `craft_elements_enabled_idx` (`enabled`),
  KEY `craft_elements_archived_dateCreated_idx` (`archived`,`dateCreated`)
) ENGINE=InnoDB AUTO_INCREMENT=20 DEFAULT CHARSET=utf8 COLLATE=utf8_unicode_ci;

--
-- Data for table `craft_elements`
--

INSERT INTO `craft_elements` (`id`, `type`, `enabled`, `archived`, `dateCreated`, `dateUpdated`, `uid`) VALUES
 ('1', 'User', '1', '0', '2017-09-15 15:06:39', '2017-09-15 15:06:39', '10e3c9c4-b28e-4dca-bb25-3d41e0e44988'),
 ('4', 'GlobalSet', '1', '0', '2017-09-15 15:11:06', '2017-09-15 15:29:35', '8d8499f8-aaac-49d5-8761-2d83c92cb2db'),
 ('5', 'Entry', '1', '0', '2017-09-15 15:13:35', '2017-09-15 15:26:11', '39bbb52c-3b35-465b-bf18-a01d9b105716'),
 ('8', 'Entry', '1', '0', '2017-09-15 15:19:39', '2017-09-15 15:33:43', '908eca6a-dc56-4d77-a64e-5372a833706a'),
 ('10', 'Entry', '1', '0', '2017-09-15 15:24:39', '2017-09-15 15:34:58', '1feb1967-1059-4425-aa20-fa3609fc9b36'),
 ('11', 'Entry', '1', '0', '2017-09-15 15:27:41', '2017-09-15 15:27:41', 'cb60afeb-7337-4c71-b63c-b5d266589099'),
 ('12', 'Entry', '1', '0', '2017-09-15 15:30:28', '2017-09-15 15:30:28', '331b4f3b-425c-46fe-977d-0c20a77674d4'),
 ('13', 'Entry', '1', '0', '2017-09-15 15:33:17', '2017-09-15 15:33:17', '84e20b18-dff7-4cda-a953-54a84b287a9d'),
 ('14', 'Entry', '1', '0', '2017-09-15 15:39:26', '2017-09-15 15:42:08', 'f0a7c700-b6c1-4d10-a374-6443406213f7'),
 ('15', 'Entry', '0', '0', '2017-09-15 15:49:36', '2017-09-15 15:59:13', '3505ad88-6836-4fa2-bf4e-716e656c20c8'),
 ('16', 'Entry', '1', '0', '2017-09-15 15:50:48', '2017-09-15 16:03:33', 'dadf8bab-ca56-4ac7-b655-e82f5bd0739a'),
 ('17', 'MatrixBlock', '1', '0', '2017-09-15 15:55:09', '2017-09-15 15:59:13', 'b2586998-1d05-434b-881b-f971fbc4bce5'),
 ('18', 'MatrixBlock', '1', '0', '2017-09-15 15:56:31', '2017-09-15 15:59:13', 'e9ef7ff4-6554-4437-8e49-6a90d9d4a388'),
 ('19', 'MatrixBlock', '1', '0', '2017-09-15 16:03:33', '2017-09-15 16:03:33', '1a584632-8922-4be8-ad1b-5bac7ccbd796');



DROP TABLE IF EXISTS `craft_elements_i18n`;


--
-- Schema for table `craft_elements_i18n`
--
CREATE TABLE `craft_elements_i18n` (
  `id` int(11) NOT NULL AUTO_INCREMENT,
  `elementId` int(11) NOT NULL,
  `locale` char(12) COLLATE utf8_unicode_ci NOT NULL,
  `slug` varchar(255) COLLATE utf8_unicode_ci DEFAULT NULL,
  `uri` varchar(255) COLLATE utf8_unicode_ci DEFAULT NULL,
  `enabled` tinyint(1) unsigned NOT NULL DEFAULT '1',
  `dateCreated` datetime NOT NULL,
  `dateUpdated` datetime NOT NULL,
  `uid` char(36) COLLATE utf8_unicode_ci NOT NULL DEFAULT '0',
  PRIMARY KEY (`id`),
  UNIQUE KEY `craft_elements_i18n_elementId_locale_unq_idx` (`elementId`,`locale`),
  UNIQUE KEY `craft_elements_i18n_uri_locale_unq_idx` (`uri`,`locale`),
  KEY `craft_elements_i18n_slug_locale_idx` (`slug`,`locale`),
  KEY `craft_elements_i18n_enabled_idx` (`enabled`),
  KEY `craft_elements_i18n_locale_fk` (`locale`)
) ENGINE=InnoDB AUTO_INCREMENT=17 DEFAULT CHARSET=utf8 COLLATE=utf8_unicode_ci;

--
-- Data for table `craft_elements_i18n`
--

INSERT INTO `craft_elements_i18n` (`id`, `elementId`, `locale`, `slug`, `uri`, `enabled`, `dateCreated`, `dateUpdated`, `uid`) VALUES
 ('1', '1', 'en_gb', '', NULL, '1', '2017-09-15 15:06:39', '2017-09-15 15:06:39', '02dc573f-adc2-43b6-8cd1-4b46c96358a3'),
 ('4', '4', 'en_gb', '', NULL, '1', '2017-09-15 15:11:06', '2017-09-15 15:29:35', '769bf2f5-5caf-42b1-8f17-b158cce36fa1'),
 ('5', '5', 'en_gb', 'fund-guide', 'fund-guide-content/fund-guide', '1', '2017-09-15 15:13:35', '2017-09-15 15:26:11', '8c73e0f1-fe94-452f-97c7-ed17d5c67c3c'),
 ('6', '8', 'en_gb', 'new-fund-guide', 'fund-guide/new-fund-guide', '1', '2017-09-15 15:19:39', '2017-09-15 15:33:43', '64853cef-5112-496b-87d0-db697b17b7c0'),
 ('7', '10', 'en_gb', 'fund-guide-content-blocks', 'fund-guide-content/fund-guide-content-blocks', '1', '2017-09-15 15:24:39', '2017-09-15 15:34:58', '82099389-102e-447c-9338-f20022847218'),
 ('8', '11', 'en_gb', 'fg-special-intro', 'fund-guide-content/fg-special-intro', '1', '2017-09-15 15:27:41', '2017-09-15 15:27:41', '5e883a6c-b5c5-42de-b9d5-42e61f4f0c50'),
 ('9', '12', 'en_gb', 'fg-footer', 'fund-guide-content/fg-footer', '1', '2017-09-15 15:30:28', '2017-09-15 15:30:28', 'cda2d8e8-d2fe-4665-9ea5-35837f048a40'),
 ('10', '13', 'en_gb', 'special-conditions', 'fund-guide-content/special-conditions', '1', '2017-09-15 15:33:17', '2017-09-15 15:33:17', '53e35aeb-77f7-41c0-9ecf-49d0fd8b8475'),
 ('11', '14', 'en_gb', 'asdf', 'funds/asdf', '1', '2017-09-15 15:39:26', '2017-09-15 15:42:08', '6ac86813-70c9-4b07-a478-08de28338a6e'),
 ('12', '15', 'en_gb', 'adam-kfa', 'kfa/adam-kfa', '1', '2017-09-15 15:49:36', '2017-09-15 15:59:13', '098a2c44-7e98-401c-8339-8fb61dc417c6'),
 ('13', '16', 'en_gb', 'adam-kfa-1', 'kfa/adam-kfa-1', '1', '2017-09-15 15:50:48', '2017-09-15 16:03:33', '23134283-287c-451b-956c-4a74ada3e612'),
 ('14', '17', 'en_gb', '', NULL, '1', '2017-09-15 15:55:09', '2017-09-15 15:59:13', '4243302a-e798-495b-8766-352858026fe4'),
 ('15', '18', 'en_gb', '', NULL, '1', '2017-09-15 15:56:31', '2017-09-15 15:59:13', 'b8c376a7-a67b-47d7-9fe5-420ebab3178f'),
 ('16', '19', 'en_gb', '', NULL, '1', '2017-09-15 16:03:33', '2017-09-15 16:03:33', '0eaa9722-4dff-4235-9e77-63369070f5d9');



DROP TABLE IF EXISTS `craft_emailmessages`;


--
-- Schema for table `craft_emailmessages`
--
CREATE TABLE `craft_emailmessages` (
  `id` int(11) NOT NULL AUTO_INCREMENT,
  `key` char(150) COLLATE utf8_unicode_ci NOT NULL,
  `locale` char(12) COLLATE utf8_unicode_ci NOT NULL,
  `subject` varchar(1000) COLLATE utf8_unicode_ci NOT NULL,
  `body` text COLLATE utf8_unicode_ci NOT NULL,
  `dateCreated` datetime NOT NULL,
  `dateUpdated` datetime NOT NULL,
  `uid` char(36) COLLATE utf8_unicode_ci NOT NULL DEFAULT '0',
  PRIMARY KEY (`id`),
  UNIQUE KEY `craft_emailmessages_key_locale_unq_idx` (`key`,`locale`),
  KEY `craft_emailmessages_locale_fk` (`locale`)
) ENGINE=InnoDB DEFAULT CHARSET=utf8 COLLATE=utf8_unicode_ci;

DROP TABLE IF EXISTS `craft_entries`;


--
-- Schema for table `craft_entries`
--
CREATE TABLE `craft_entries` (
  `id` int(11) NOT NULL,
  `sectionId` int(11) NOT NULL,
  `typeId` int(11) DEFAULT NULL,
  `authorId` int(11) DEFAULT NULL,
  `postDate` datetime DEFAULT NULL,
  `expiryDate` datetime DEFAULT NULL,
  `dateCreated` datetime NOT NULL,
  `dateUpdated` datetime NOT NULL,
  `uid` char(36) COLLATE utf8_unicode_ci NOT NULL DEFAULT '0',
  PRIMARY KEY (`id`),
  KEY `craft_entries_sectionId_idx` (`sectionId`),
  KEY `craft_entries_typeId_idx` (`typeId`),
  KEY `craft_entries_postDate_idx` (`postDate`),
  KEY `craft_entries_expiryDate_idx` (`expiryDate`),
  KEY `craft_entries_authorId_fk` (`authorId`)
) ENGINE=InnoDB DEFAULT CHARSET=utf8 COLLATE=utf8_unicode_ci;

--
-- Data for table `craft_entries`
--

INSERT INTO `craft_entries` (`id`, `sectionId`, `typeId`, `authorId`, `postDate`, `expiryDate`, `dateCreated`, `dateUpdated`, `uid`) VALUES
 ('5', '3', '3', '1', '2017-09-15 15:13:00', NULL, '2017-09-15 15:13:35', '2017-09-15 15:26:11', '359ab616-1926-4769-97d2-03985d6e9a89'),
 ('8', '4', '4', '1', '2017-09-15 15:19:00', NULL, '2017-09-15 15:19:39', '2017-09-15 15:33:43', 'dd4dc1c9-9960-4ac1-bc23-3aab2ebfd0e6'),
 ('10', '3', '3', '1', '2017-09-15 15:24:00', NULL, '2017-09-15 15:24:39', '2017-09-15 15:34:59', '6d205636-f21c-4ebe-98e8-76c11bc67563'),
 ('11', '3', '3', '1', '2017-09-15 15:27:41', NULL, '2017-09-15 15:27:41', '2017-09-15 15:27:41', '4ef5e066-2b98-4bd2-bdc2-52e397ff139c'),
 ('12', '3', '3', '1', '2017-09-15 15:30:00', NULL, '2017-09-15 15:30:28', '2017-09-15 15:30:28', 'a4986d7b-9c06-4530-b09a-240a0067e955'),
 ('13', '3', '3', '1', '2017-09-15 15:33:17', NULL, '2017-09-15 15:33:17', '2017-09-15 15:33:17', '63bf8600-b39a-4891-ab4e-05c2377995ae'),
 ('14', '5', '5', '1', '2017-09-15 15:39:00', NULL, '2017-09-15 15:39:26', '2017-09-15 15:42:08', 'a0d47a8b-74f4-4937-abfd-9fe0e04a88bb'),
 ('15', '6', '6', '1', '2017-09-15 15:49:00', NULL, '2017-09-15 15:49:36', '2017-09-15 15:59:13', '1343aeaf-6cbe-48e0-89cd-25a96d9c2bda'),
 ('16', '6', '6', '1', '2017-09-15 15:49:00', NULL, '2017-09-15 15:50:48', '2017-09-15 16:03:33', '1ba2b234-b9e6-486d-bdc8-8a1baeb009c9');



DROP TABLE IF EXISTS `craft_entrydrafts`;


--
-- Schema for table `craft_entrydrafts`
--
CREATE TABLE `craft_entrydrafts` (
  `id` int(11) NOT NULL AUTO_INCREMENT,
  `entryId` int(11) NOT NULL,
  `sectionId` int(11) NOT NULL,
  `creatorId` int(11) NOT NULL,
  `locale` char(12) COLLATE utf8_unicode_ci NOT NULL,
  `name` varchar(255) COLLATE utf8_unicode_ci NOT NULL,
  `notes` tinytext COLLATE utf8_unicode_ci,
  `data` mediumtext COLLATE utf8_unicode_ci NOT NULL,
  `dateCreated` datetime NOT NULL,
  `dateUpdated` datetime NOT NULL,
  `uid` char(36) COLLATE utf8_unicode_ci NOT NULL DEFAULT '0',
  PRIMARY KEY (`id`),
  KEY `craft_entrydrafts_entryId_locale_idx` (`entryId`,`locale`),
  KEY `craft_entrydrafts_sectionId_fk` (`sectionId`),
  KEY `craft_entrydrafts_creatorId_fk` (`creatorId`),
  KEY `craft_entrydrafts_locale_fk` (`locale`)
) ENGINE=InnoDB DEFAULT CHARSET=utf8 COLLATE=utf8_unicode_ci;

DROP TABLE IF EXISTS `craft_entrytypes`;


--
-- Schema for table `craft_entrytypes`
--
CREATE TABLE `craft_entrytypes` (
  `id` int(11) NOT NULL AUTO_INCREMENT,
  `sectionId` int(11) NOT NULL,
  `fieldLayoutId` int(11) DEFAULT NULL,
  `name` varchar(255) COLLATE utf8_unicode_ci NOT NULL,
  `handle` varchar(255) COLLATE utf8_unicode_ci NOT NULL,
  `hasTitleField` tinyint(1) unsigned NOT NULL DEFAULT '1',
  `titleLabel` varchar(255) COLLATE utf8_unicode_ci DEFAULT 'Title',
  `titleFormat` varchar(255) COLLATE utf8_unicode_ci DEFAULT NULL,
  `sortOrder` smallint(6) unsigned DEFAULT NULL,
  `dateCreated` datetime NOT NULL,
  `dateUpdated` datetime NOT NULL,
  `uid` char(36) COLLATE utf8_unicode_ci NOT NULL DEFAULT '0',
  PRIMARY KEY (`id`),
  UNIQUE KEY `craft_entrytypes_name_sectionId_unq_idx` (`name`,`sectionId`),
  UNIQUE KEY `craft_entrytypes_handle_sectionId_unq_idx` (`handle`,`sectionId`),
  KEY `craft_entrytypes_sectionId_fk` (`sectionId`),
  KEY `craft_entrytypes_fieldLayoutId_fk` (`fieldLayoutId`)
) ENGINE=InnoDB AUTO_INCREMENT=7 DEFAULT CHARSET=utf8 COLLATE=utf8_unicode_ci;

--
-- Data for table `craft_entrytypes`
--

INSERT INTO `craft_entrytypes` (`id`, `sectionId`, `fieldLayoutId`, `name`, `handle`, `hasTitleField`, `titleLabel`, `titleFormat`, `sortOrder`, `dateCreated`, `dateUpdated`, `uid`) VALUES
 ('3', '3', '15', 'Fund guide', 'fundGuide', '1', 'Title', NULL, '1', '2017-09-15 15:13:34', '2017-09-15 15:25:56', 'b947ef47-4306-4ede-bc79-c87e1d70957d'),
 ('4', '4', '13', 'Fund Guide', 'fundGuide', '1', 'Title', NULL, '1', '2017-09-15 15:16:23', '2017-09-15 15:21:28', '3de6e67c-400c-45dc-9917-eba12a2afa2d'),
 ('5', '5', '17', 'Funds', 'funds', '1', 'SEDOL Code', NULL, '1', '2017-09-15 15:38:01', '2017-09-15 15:38:39', '35dca0e6-75c0-416b-9cb9-5eb6478041f8'),
 ('6', '6', '20', 'KFA', 'kfa', '1', 'Item Code', NULL, '1', '2017-09-15 15:47:36', '2017-09-15 15:51:28', '467abde7-f1cf-4b9c-9166-12a063efc3fd');



DROP TABLE IF EXISTS `craft_entryversions`;


--
-- Schema for table `craft_entryversions`
--
CREATE TABLE `craft_entryversions` (
  `id` int(11) NOT NULL AUTO_INCREMENT,
  `entryId` int(11) NOT NULL,
  `sectionId` int(11) NOT NULL,
  `creatorId` int(11) DEFAULT NULL,
  `locale` char(12) COLLATE utf8_unicode_ci NOT NULL,
  `num` smallint(6) unsigned NOT NULL,
  `notes` tinytext COLLATE utf8_unicode_ci,
  `data` mediumtext COLLATE utf8_unicode_ci NOT NULL,
  `dateCreated` datetime NOT NULL,
  `dateUpdated` datetime NOT NULL,
  `uid` char(36) COLLATE utf8_unicode_ci NOT NULL DEFAULT '0',
  PRIMARY KEY (`id`),
  KEY `craft_entryversions_entryId_locale_idx` (`entryId`,`locale`),
  KEY `craft_entryversions_sectionId_fk` (`sectionId`),
  KEY `craft_entryversions_creatorId_fk` (`creatorId`),
  KEY `craft_entryversions_locale_fk` (`locale`)
) ENGINE=InnoDB AUTO_INCREMENT=29 DEFAULT CHARSET=utf8 COLLATE=utf8_unicode_ci;

--
-- Data for table `craft_entryversions`
--

INSERT INTO `craft_entryversions` (`id`, `entryId`, `sectionId`, `creatorId`, `locale`, `num`, `notes`, `data`, `dateCreated`, `dateUpdated`, `uid`) VALUES
 ('4', '5', '3', '1', 'en_gb', '1', NULL, '{\"typeId\":\"3\",\"authorId\":null,\"title\":\"Fund guide\",\"slug\":\"fund-guide\",\"postDate\":1505488414,\"expiryDate\":null,\"enabled\":1,\"parentId\":null,\"fields\":[]}', '2017-09-15 15:13:35', '2017-09-15 15:13:35', 'bf607779-4a47-4b66-a319-9504664c3fa0'),
 ('5', '5', '3', '1', 'en_gb', '2', '', '{\"typeId\":null,\"authorId\":\"1\",\"title\":\"Fund guide\",\"slug\":\"fund-guide\",\"postDate\":1505488380,\"expiryDate\":null,\"enabled\":1,\"parentId\":null,\"fields\":{\"1\":\"<p>This is some content<\\/p>\"}}', '2017-09-15 15:15:37', '2017-09-15 15:15:37', '474681a6-a69a-498c-a8dc-0c6a2ca3434b'),
 ('6', '5', '3', '1', 'en_gb', '3', '', '{\"typeId\":\"3\",\"authorId\":\"1\",\"title\":\"Fund guide\",\"slug\":\"fund-guide\",\"postDate\":1505488380,\"expiryDate\":null,\"enabled\":1,\"parentId\":null,\"fields\":{\"1\":\"<p>This is some content<\\/p>\"}}', '2017-09-15 15:15:42', '2017-09-15 15:15:42', '29b02a70-71d6-4dc8-9bcd-22c470848c10'),
 ('7', '5', '3', '1', 'en_gb', '4', '', '{\"typeId\":\"3\",\"authorId\":\"1\",\"title\":\"Fund guide content\",\"slug\":\"fund-guide\",\"postDate\":1505488380,\"expiryDate\":null,\"enabled\":1,\"parentId\":null,\"fields\":{\"1\":\"<p>This is some content<\\/p>\"}}', '2017-09-15 15:17:43', '2017-09-15 15:17:43', '64af7152-c8e5-4283-928f-29c1923dde24'),
 ('8', '8', '4', '1', 'en_gb', '1', '', '{\"typeId\":null,\"authorId\":\"1\",\"title\":\"New Fund Guide\",\"slug\":\"new-fund-guide\",\"postDate\":1505488740,\"expiryDate\":null,\"enabled\":1,\"parentId\":null,\"fields\":{\"3\":[\"5\"]}}', '2017-09-15 15:19:39', '2017-09-15 15:19:39', 'f121275c-2771-43e6-a8c4-4e03a1d284fa'),
 ('9', '10', '3', '1', 'en_gb', '1', '', '{\"typeId\":null,\"authorId\":\"1\",\"title\":\"Fund Guide Content Blocks\",\"slug\":\"fund-guide-content-blocks\",\"postDate\":1505489079,\"expiryDate\":null,\"enabled\":1,\"parentId\":null,\"fields\":{\"1\":\"<p>Welcome to your fund guide.<\\/p>\",\"4\":\"Intro\"}}', '2017-09-15 15:24:39', '2017-09-15 15:24:39', '70ec8903-f9f3-44f7-8cfc-2d26f1a287cb'),
 ('10', '5', '3', '1', 'en_gb', '5', '', '{\"typeId\":\"3\",\"authorId\":\"1\",\"title\":\"Fund Guide Content Blocks\",\"slug\":\"fund-guide\",\"postDate\":1505488380,\"expiryDate\":null,\"enabled\":1,\"parentId\":null,\"fields\":{\"1\":\"<p>This is some content<\\/p>\",\"4\":\"Fund guide content goes here\"}}', '2017-09-15 15:25:00', '2017-09-15 15:25:00', '68982ac6-e610-4ccb-a621-5fe14868d202'),
 ('11', '5', '3', '1', 'en_gb', '6', '', '{\"typeId\":\"3\",\"authorId\":\"1\",\"title\":\"Fund Guide content\",\"slug\":\"fund-guide\",\"postDate\":1505488380,\"expiryDate\":null,\"enabled\":1,\"parentId\":null,\"fields\":{\"1\":\"<p>This is some content<\\/p>\"}}', '2017-09-15 15:26:11', '2017-09-15 15:26:11', 'afb5b030-edf4-4911-967b-08ff13086572'),
 ('12', '10', '3', '1', 'en_gb', '2', '', '{\"typeId\":\"3\",\"authorId\":\"1\",\"title\":\"Fund Guide intro\",\"slug\":\"fund-guide-content-blocks\",\"postDate\":1505489040,\"expiryDate\":null,\"enabled\":1,\"parentId\":null,\"fields\":{\"1\":\"<p>Welcome to your fund guide.<\\/p>\"}}', '2017-09-15 15:26:18', '2017-09-15 15:26:18', '1d6a6ce3-3558-4dc3-89c5-05e8a97b1559'),
 ('13', '8', '4', '1', 'en_gb', '2', '', '{\"typeId\":\"4\",\"authorId\":\"1\",\"title\":\"New Fund Guide\",\"slug\":\"new-fund-guide\",\"postDate\":1505488740,\"expiryDate\":null,\"enabled\":1,\"parentId\":null,\"fields\":{\"3\":[\"10\"]}}', '2017-09-15 15:27:07', '2017-09-15 15:27:07', 'daeb3966-6e5f-40ba-9ee2-0a921fdd7131'),
 ('14', '11', '3', '1', 'en_gb', '1', '', '{\"typeId\":null,\"authorId\":\"1\",\"title\":\"FG Special intro\",\"slug\":\"fg-special-intro\",\"postDate\":1505489261,\"expiryDate\":null,\"enabled\":1,\"parentId\":null,\"fields\":{\"1\":\"<p>This is your Fund Guide for your special product. Welcome.<\\/p>\"}}', '2017-09-15 15:27:41', '2017-09-15 15:27:41', '04758d98-f63c-4833-8561-4f332becbf06'),
 ('15', '12', '3', '1', 'en_gb', '1', '', '{\"typeId\":null,\"authorId\":\"1\",\"title\":\"FG Footer\",\"slug\":\"fg-footer\",\"postDate\":1505489400,\"expiryDate\":null,\"enabled\":1,\"parentId\":null,\"fields\":{\"1\":\"<p>For more information, please get in touch on 0800111111.<\\/p>\"}}', '2017-09-15 15:30:28', '2017-09-15 15:30:28', '04f2c4b4-b662-4822-840b-6d3330b0ee07'),
 ('16', '13', '3', '1', 'en_gb', '1', '', '{\"typeId\":null,\"authorId\":\"1\",\"title\":\"Special conditions\",\"slug\":\"special-conditions\",\"postDate\":1505489597,\"expiryDate\":null,\"enabled\":1,\"parentId\":null,\"fields\":{\"1\":\"<p>There are some special conditions for this Fund Guide.<\\/p>\"}}', '2017-09-15 15:33:18', '2017-09-15 15:33:18', '57001793-93d9-42de-98ee-b740920400f9'),
 ('17', '8', '4', '1', 'en_gb', '3', '', '{\"typeId\":\"4\",\"authorId\":\"1\",\"title\":\"New Fund Guide\",\"slug\":\"new-fund-guide\",\"postDate\":1505488740,\"expiryDate\":null,\"enabled\":1,\"parentId\":null,\"fields\":{\"3\":[\"10\",\"13\",\"12\"]}}', '2017-09-15 15:33:43', '2017-09-15 15:33:43', 'fa6972dc-3822-4696-a57e-fd07e31511f9'),
 ('18', '10', '3', '1', 'en_gb', '3', '', '{\"typeId\":\"3\",\"authorId\":\"1\",\"title\":\"Fund Guide intro\",\"slug\":\"fund-guide-content-blocks\",\"postDate\":1505489040,\"expiryDate\":null,\"enabled\":1,\"parentId\":null,\"fields\":{\"1\":\"<p>Welcome to <strong>your<\\/strong> fund guide.<\\/p>\"}}', '2017-09-15 15:34:59', '2017-09-15 15:34:59', '25471291-ffeb-42ad-a2aa-43643618c59e'),
 ('19', '14', '5', '1', 'en_gb', '1', '', '{\"typeId\":null,\"authorId\":\"1\",\"title\":\"asdf\",\"slug\":\"asdf\",\"postDate\":1505489940,\"expiryDate\":null,\"enabled\":1,\"parentId\":null,\"fields\":{\"7\":\"\",\"5\":\"\",\"8\":\"\",\"6\":\"medium\"}}', '2017-09-15 15:39:26', '2017-09-15 15:39:26', 'c798360d-c2c3-4f2d-abf5-2cf92ec667e3'),
 ('20', '14', '5', '1', 'en_gb', '2', '', '{\"typeId\":\"5\",\"authorId\":\"1\",\"title\":\"asdf\",\"slug\":\"asdf\",\"postDate\":1505489940,\"expiryDate\":null,\"enabled\":1,\"parentId\":null,\"fields\":{\"7\":\"Adam\",\"5\":\"Adams Fund\",\"8\":\"\",\"6\":\"medium\"}}', '2017-09-15 15:41:57', '2017-09-15 15:41:57', '40fe9de9-d0a8-454f-9205-992055ed6f84'),
 ('21', '14', '5', '1', 'en_gb', '3', '', '{\"typeId\":\"5\",\"authorId\":\"1\",\"title\":\"asdf\",\"slug\":\"asdf\",\"postDate\":1505489940,\"expiryDate\":null,\"enabled\":1,\"parentId\":null,\"fields\":{\"7\":\"Rich\",\"5\":\"Adams Fund\",\"8\":\"\",\"6\":\"medium\"}}', '2017-09-15 15:42:08', '2017-09-15 15:42:08', '2bca0946-b59d-4cbc-9a76-6a6587a8fc03'),
 ('22', '15', '6', '1', 'en_gb', '1', '', '{\"typeId\":null,\"authorId\":\"1\",\"title\":\"Adam KFA\",\"slug\":\"adam-kfa\",\"postDate\":1505490540,\"expiryDate\":null,\"enabled\":1,\"parentId\":null,\"fields\":{\"13\":[\"14\"],\"14\":\"\",\"12\":[\"14\"],\"11\":\"\",\"10\":\"\",\"9\":\"Adam\"}}', '2017-09-15 15:49:36', '2017-09-15 15:49:36', '239951cf-0118-46d8-b918-c3b7c4edf2f5'),
 ('23', '16', '6', '1', 'en_gb', '1', '', '{\"typeId\":null,\"authorId\":\"1\",\"title\":\"Rich KFA\",\"slug\":\"adam-kfa-1\",\"postDate\":1505490540,\"expiryDate\":null,\"enabled\":1,\"parentId\":null,\"fields\":{\"13\":[\"14\"],\"14\":\"\",\"12\":[\"14\"],\"11\":\"\",\"10\":\"\",\"9\":\"Adam\"}}', '2017-09-15 15:50:48', '2017-09-15 15:50:48', '216ef217-cbf8-4ed3-8d5b-5c3013dd79ab'),
 ('24', '15', '6', '1', 'en_gb', '2', '', '{\"typeId\":\"6\",\"authorId\":\"1\",\"title\":\"Adam KFA\",\"slug\":\"adam-kfa\",\"postDate\":1505490540,\"expiryDate\":null,\"enabled\":1,\"parentId\":null,\"fields\":{\"13\":[\"14\"],\"14\":\"\",\"12\":[\"14\"],\"10\":\"\",\"9\":\"Adam\"}}', '2017-09-15 15:52:44', '2017-09-15 15:52:44', 'd94ed01f-20ba-47e1-93aa-07a9e9ee0e7d'),
 ('25', '15', '6', '1', 'en_gb', '3', '', '{\"typeId\":\"6\",\"authorId\":\"1\",\"title\":\"Adam KFA\",\"slug\":\"adam-kfa\",\"postDate\":1505490540,\"expiryDate\":null,\"enabled\":1,\"parentId\":null,\"fields\":{\"13\":{\"new1\":{\"type\":\"fundName\",\"enabled\":\"1\",\"fields\":{\"fundName\":[\"14\"],\"fundCharge\":\".5\"}}},\"14\":\"\",\"12\":[\"14\"],\"10\":\"\",\"9\":\"Adam\"}}', '2017-09-15 15:55:09', '2017-09-15 15:55:09', 'b2d1ab77-df5c-4c4e-b7d0-6779e03b4c4e'),
 ('26', '15', '6', '1', 'en_gb', '4', '', '{\"typeId\":\"6\",\"authorId\":\"1\",\"title\":\"Adam KFA\",\"slug\":\"adam-kfa\",\"postDate\":1505490540,\"expiryDate\":null,\"enabled\":1,\"parentId\":null,\"fields\":{\"13\":{\"17\":{\"type\":\"fundName\",\"enabled\":\"1\",\"fields\":{\"fundName\":[\"14\"],\"fundCharge\":\".5\"}},\"new1\":{\"type\":\"fundName\",\"enabled\":\"1\",\"fields\":{\"fundName\":[\"14\"],\"fundCharge\":\".75\"}}},\"14\":\"\",\"12\":[\"14\"],\"10\":\"\",\"9\":\"Adam\"}}', '2017-09-15 15:56:31', '2017-09-15 15:56:31', 'eb51b904-ef32-404d-b7c1-73a23138097a'),
 ('27', '15', '6', '1', 'en_gb', '5', '', '{\"typeId\":\"6\",\"authorId\":\"1\",\"title\":\"Adam KFA\",\"slug\":\"adam-kfa\",\"postDate\":1505490540,\"expiryDate\":null,\"enabled\":0,\"parentId\":null,\"fields\":{\"13\":{\"17\":{\"type\":\"fund\",\"enabled\":\"1\",\"fields\":{\"fundName\":[\"14\"],\"fundCharge\":\".5\"}},\"18\":{\"type\":\"fund\",\"enabled\":\"1\",\"fields\":{\"fundName\":[\"14\"],\"fundCharge\":\".75\"}}},\"14\":\"\",\"12\":[\"14\"],\"10\":\"\",\"9\":\"Adam\"}}', '2017-09-15 15:59:13', '2017-09-15 15:59:13', '0d750570-742b-4709-aa45-a802fb710f31'),
 ('28', '16', '6', '1', 'en_gb', '2', '', '{\"typeId\":\"6\",\"authorId\":\"1\",\"title\":\"Rich KFA\",\"slug\":\"adam-kfa-1\",\"postDate\":1505490540,\"expiryDate\":null,\"enabled\":1,\"parentId\":null,\"fields\":{\"13\":{\"new1\":{\"type\":\"fund\",\"enabled\":\"1\",\"fields\":{\"fundName\":[\"14\"],\"fundCharge\":\"\"},\"collapsed\":\"\"}},\"14\":\"\",\"12\":\"\",\"10\":\"\",\"9\":\"Adam\"}}', '2017-09-15 16:03:33', '2017-09-15 16:03:33', '0cd4b1b4-2ce8-4aa2-811e-1453b338b91e');



DROP TABLE IF EXISTS `craft_fieldgroups`;


--
-- Schema for table `craft_fieldgroups`
--
CREATE TABLE `craft_fieldgroups` (
  `id` int(11) NOT NULL AUTO_INCREMENT,
  `name` varchar(255) COLLATE utf8_unicode_ci NOT NULL,
  `dateCreated` datetime NOT NULL,
  `dateUpdated` datetime NOT NULL,
  `uid` char(36) COLLATE utf8_unicode_ci NOT NULL DEFAULT '0',
  PRIMARY KEY (`id`),
  UNIQUE KEY `craft_fieldgroups_name_unq_idx` (`name`)
) ENGINE=InnoDB AUTO_INCREMENT=5 DEFAULT CHARSET=utf8 COLLATE=utf8_unicode_ci;

--
-- Data for table `craft_fieldgroups`
--

INSERT INTO `craft_fieldgroups` (`id`, `name`, `dateCreated`, `dateUpdated`, `uid`) VALUES
 ('1', 'Default', '2017-09-15 15:06:43', '2017-09-15 15:06:43', '26a9b3c4-abdb-44ac-8a36-4c049f3dfb00'),
 ('2', 'Funds', '2017-09-15 15:36:08', '2017-09-15 15:36:08', '26d84335-110a-41be-a7a6-98596a581c85'),
 ('3', 'KFA', '2017-09-15 15:44:28', '2017-09-15 15:44:28', 'd84b8562-0301-41fd-8097-97c7334e2127'),
 ('4', 'KFA Lifestyle', '2017-09-15 15:57:52', '2017-09-15 15:57:52', '83e8519c-3d35-4c75-913b-7b017601cbec');



DROP TABLE IF EXISTS `craft_fieldlayoutfields`;


--
-- Schema for table `craft_fieldlayoutfields`
--
CREATE TABLE `craft_fieldlayoutfields` (
  `id` int(11) NOT NULL AUTO_INCREMENT,
  `layoutId` int(11) NOT NULL,
  `tabId` int(11) NOT NULL,
  `fieldId` int(11) NOT NULL,
  `required` tinyint(1) unsigned NOT NULL DEFAULT '0',
  `sortOrder` smallint(6) unsigned DEFAULT NULL,
  `dateCreated` datetime NOT NULL,
  `dateUpdated` datetime NOT NULL,
  `uid` char(36) COLLATE utf8_unicode_ci NOT NULL DEFAULT '0',
  PRIMARY KEY (`id`),
  UNIQUE KEY `craft_fieldlayoutfields_layoutId_fieldId_unq_idx` (`layoutId`,`fieldId`),
  KEY `craft_fieldlayoutfields_sortOrder_idx` (`sortOrder`),
  KEY `craft_fieldlayoutfields_tabId_fk` (`tabId`),
  KEY `craft_fieldlayoutfields_fieldId_fk` (`fieldId`)
) ENGINE=InnoDB AUTO_INCREMENT=34 DEFAULT CHARSET=utf8 COLLATE=utf8_unicode_ci;

--
-- Data for table `craft_fieldlayoutfields`
--

INSERT INTO `craft_fieldlayoutfields` (`id`, `layoutId`, `tabId`, `fieldId`, `required`, `sortOrder`, `dateCreated`, `dateUpdated`, `uid`) VALUES
 ('4', '6', '3', '1', '0', '1', '2017-09-15 15:11:07', '2017-09-15 15:11:07', 'dd6cc1d6-b422-42f8-bb1e-045b87ea508a'),
 ('9', '13', '8', '3', '0', '1', '2017-09-15 15:21:28', '2017-09-15 15:21:28', 'a42d2346-0c79-477d-beee-8af2981d5935'),
 ('12', '15', '10', '1', '1', '1', '2017-09-15 15:25:56', '2017-09-15 15:25:56', 'ef90b3dc-2c05-4f29-b885-53057730e586'),
 ('13', '17', '11', '5', '0', '1', '2017-09-15 15:38:39', '2017-09-15 15:38:39', 'd5c875c6-4ca0-43e0-9111-e88f61acc807'),
 ('14', '17', '11', '7', '0', '2', '2017-09-15 15:38:39', '2017-09-15 15:38:39', 'a70d27c3-faab-40b0-9682-48b01d77ef3f'),
 ('15', '17', '11', '8', '0', '3', '2017-09-15 15:38:39', '2017-09-15 15:38:39', '67e31fb5-6fcf-4cc2-b7ee-9a4edb5945c9'),
 ('16', '17', '11', '6', '0', '4', '2017-09-15 15:38:39', '2017-09-15 15:38:39', '4cc8c845-1270-40fb-99fc-4230afa5e53c'),
 ('23', '20', '14', '9', '0', '1', '2017-09-15 15:51:28', '2017-09-15 15:51:28', '1de404f8-e3a2-4f99-ad14-38a71b032aac'),
 ('24', '20', '14', '10', '0', '2', '2017-09-15 15:51:28', '2017-09-15 15:51:28', 'c1ab7b5f-c5d5-48eb-8672-c6e5636334c4'),
 ('25', '20', '15', '12', '0', '1', '2017-09-15 15:51:28', '2017-09-15 15:51:28', 'c8e382ba-b5b4-4706-82af-d34e3df6c68a'),
 ('26', '20', '15', '13', '0', '2', '2017-09-15 15:51:28', '2017-09-15 15:51:28', '268b00d7-9203-4dd0-8189-05124f8c36cc'),
 ('27', '20', '15', '14', '0', '3', '2017-09-15 15:51:28', '2017-09-15 15:51:28', '17a6d212-f8f8-4fd8-b972-057c862836be'),
 ('32', '23', '18', '15', '0', '1', '2017-09-15 15:57:09', '2017-09-15 15:57:09', '5c8442a7-c572-4bcf-84b6-18aaf45c6229'),
 ('33', '23', '18', '16', '0', '2', '2017-09-15 15:57:09', '2017-09-15 15:57:09', '9bb5ea5f-eef3-40eb-974c-ef895f3bc843');



DROP TABLE IF EXISTS `craft_fieldlayouts`;


--
-- Schema for table `craft_fieldlayouts`
--
CREATE TABLE `craft_fieldlayouts` (
  `id` int(11) NOT NULL AUTO_INCREMENT,
  `type` varchar(150) COLLATE utf8_unicode_ci NOT NULL,
  `dateCreated` datetime NOT NULL,
  `dateUpdated` datetime NOT NULL,
  `uid` char(36) COLLATE utf8_unicode_ci NOT NULL DEFAULT '0',
  PRIMARY KEY (`id`),
  KEY `craft_fieldlayouts_type_idx` (`type`)
) ENGINE=InnoDB AUTO_INCREMENT=24 DEFAULT CHARSET=utf8 COLLATE=utf8_unicode_ci;

--
-- Data for table `craft_fieldlayouts`
--

INSERT INTO `craft_fieldlayouts` (`id`, `type`, `dateCreated`, `dateUpdated`, `uid`) VALUES
 ('1', 'Tag', '2017-09-15 15:06:43', '2017-09-15 15:06:43', '02e81f5c-673e-4661-9dd4-d406e2b09651'),
 ('6', 'GlobalSet', '2017-09-15 15:11:07', '2017-09-15 15:11:07', '7f5f8269-e44c-4354-bc43-7b40359b2e5b'),
 ('13', 'Entry', '2017-09-15 15:21:28', '2017-09-15 15:21:28', 'e264caad-a55b-4f80-8c95-c3f291ec87e0'),
 ('15', 'Entry', '2017-09-15 15:25:56', '2017-09-15 15:25:56', 'a6ca5b50-3b75-4da7-9482-8ab112e2cae6'),
 ('17', 'Entry', '2017-09-15 15:38:39', '2017-09-15 15:38:39', 'd6eb2ec0-8239-4d87-9027-352c1c93f2e1'),
 ('20', 'Entry', '2017-09-15 15:51:28', '2017-09-15 15:51:28', 'fcee9650-2261-4a7e-a523-a955c0320659'),
 ('23', 'MatrixBlock', '2017-09-15 15:57:09', '2017-09-15 15:57:09', '87fc928e-9e73-4711-bf93-fc78489c67ee');



DROP TABLE IF EXISTS `craft_fieldlayouttabs`;


--
-- Schema for table `craft_fieldlayouttabs`
--
CREATE TABLE `craft_fieldlayouttabs` (
  `id` int(11) NOT NULL AUTO_INCREMENT,
  `layoutId` int(11) NOT NULL,
  `name` varchar(255) COLLATE utf8_unicode_ci NOT NULL,
  `sortOrder` smallint(6) unsigned DEFAULT NULL,
  `dateCreated` datetime NOT NULL,
  `dateUpdated` datetime NOT NULL,
  `uid` char(36) COLLATE utf8_unicode_ci NOT NULL DEFAULT '0',
  PRIMARY KEY (`id`),
  KEY `craft_fieldlayouttabs_sortOrder_idx` (`sortOrder`),
  KEY `craft_fieldlayouttabs_layoutId_fk` (`layoutId`)
) ENGINE=InnoDB AUTO_INCREMENT=19 DEFAULT CHARSET=utf8 COLLATE=utf8_unicode_ci;

--
-- Data for table `craft_fieldlayouttabs`
--

INSERT INTO `craft_fieldlayouttabs` (`id`, `layoutId`, `name`, `sortOrder`, `dateCreated`, `dateUpdated`, `uid`) VALUES
 ('3', '6', 'Content', '1', '2017-09-15 15:11:07', '2017-09-15 15:11:07', 'bc197b40-234b-4df3-921f-5c7d32cb6cfb'),
 ('8', '13', 'Tab 1', '1', '2017-09-15 15:21:28', '2017-09-15 15:21:28', '057fe4f2-3063-471d-952f-1b352f9915d4'),
 ('10', '15', 'Edit text content here', '1', '2017-09-15 15:25:56', '2017-09-15 15:25:56', '479224a0-2a4d-4d8e-af92-0f2b3f9eb3b1'),
 ('11', '17', 'Fund Details', '1', '2017-09-15 15:38:39', '2017-09-15 15:38:39', '9b49b3a5-af30-40af-ac25-616ce0c13237'),
 ('14', '20', 'Basic Info', '1', '2017-09-15 15:51:28', '2017-09-15 15:51:28', 'c11f31d3-8fa6-4715-bd2a-8d163546bf22'),
 ('15', '20', 'Fund Info', '2', '2017-09-15 15:51:28', '2017-09-15 15:51:28', '5eeca4fe-65d0-4192-9c3d-8fb7ec068f92'),
 ('18', '23', 'Content', '1', '2017-09-15 15:57:09', '2017-09-15 15:57:09', '170e3faf-57d4-433f-b3e3-5c58aad4d1ee');



DROP TABLE IF EXISTS `craft_fields`;


--
-- Schema for table `craft_fields`
--
CREATE TABLE `craft_fields` (
  `id` int(11) NOT NULL AUTO_INCREMENT,
  `groupId` int(11) DEFAULT NULL,
  `name` varchar(255) COLLATE utf8_unicode_ci NOT NULL,
  `handle` varchar(58) COLLATE utf8_unicode_ci NOT NULL,
  `context` varchar(255) COLLATE utf8_unicode_ci NOT NULL DEFAULT 'global',
  `instructions` text COLLATE utf8_unicode_ci,
  `translatable` tinyint(1) unsigned NOT NULL DEFAULT '0',
  `type` varchar(150) COLLATE utf8_unicode_ci NOT NULL,
  `settings` text COLLATE utf8_unicode_ci,
  `dateCreated` datetime NOT NULL,
  `dateUpdated` datetime NOT NULL,
  `uid` char(36) COLLATE utf8_unicode_ci NOT NULL DEFAULT '0',
  PRIMARY KEY (`id`),
  UNIQUE KEY `craft_fields_handle_context_unq_idx` (`handle`,`context`),
  KEY `craft_fields_context_idx` (`context`),
  KEY `craft_fields_groupId_fk` (`groupId`)
) ENGINE=InnoDB AUTO_INCREMENT=19 DEFAULT CHARSET=utf8 COLLATE=utf8_unicode_ci;

--
-- Data for table `craft_fields`
--

INSERT INTO `craft_fields` (`id`, `groupId`, `name`, `handle`, `context`, `instructions`, `translatable`, `type`, `settings`, `dateCreated`, `dateUpdated`, `uid`) VALUES
 ('1', '1', 'Text Chunk', 'body', 'global', '', '0', 'RichText', '{\"configFile\":\"Standard.json\",\"availableAssetSources\":\"*\",\"availableTransforms\":\"*\",\"cleanupHtml\":\"1\",\"purifyHtml\":\"1\",\"purifierConfig\":\"\",\"columnType\":\"text\"}', '2017-09-15 15:06:44', '2017-09-15 15:17:06', 'c5337d49-49d2-4787-938a-4af8cb72cd87'),
 ('3', '1', 'Fund Guide Document', 'testDocument', 'global', '', '0', 'Entries', '{\"sources\":[\"section:3\"],\"limit\":\"\",\"selectionLabel\":\"\"}', '2017-09-15 15:13:01', '2017-09-15 15:18:39', 'd66b69b7-bbd6-4853-95d1-3d7da241b6d8'),
 ('4', '1', 'Text Chunk Title', 'textChunkTitle', 'global', '', '0', 'PlainText', '{\"placeholder\":\"\",\"maxLength\":\"\",\"multiline\":\"\",\"initialRows\":\"4\"}', '2017-09-15 15:22:11', '2017-09-15 15:22:11', '28a939f1-6c79-4c64-91ae-23bf0b9f0f66'),
 ('5', '2', 'Fund Name', 'fundName', 'global', '', '0', 'PlainText', '{\"placeholder\":\"\",\"maxLength\":\"\",\"multiline\":\"\",\"initialRows\":\"4\"}', '2017-09-15 15:36:03', '2017-09-15 15:36:21', 'a3ef74f7-7575-42ae-88ff-a926794630ef'),
 ('6', '2', 'Fund Risk Rating', 'fundRiskRating', 'global', '', '0', 'Dropdown', '{\"options\":[{\"label\":\"Higher\",\"value\":\"higher\",\"default\":\"\"},{\"label\":\"Medium to Higher\",\"value\":\"mediumToHigher\",\"default\":\"\"},{\"label\":\"Medium\",\"value\":\"medium\",\"default\":\"\"},{\"label\":\"Medium to Lower\",\"value\":\"mediumToLower\",\"default\":\"\"},{\"label\":\"Lower\",\"value\":\"lower\",\"default\":\"\"},{\"label\":\"Minimal\",\"value\":\"minimal\",\"default\":\"\"}]}', '2017-09-15 15:37:00', '2017-09-15 15:37:00', '9662d5f9-32c0-41c0-beec-359b2f985ae3'),
 ('7', '2', 'Fund Manager', 'fundManager', 'global', '', '0', 'PlainText', '{\"placeholder\":\"\",\"maxLength\":\"\",\"multiline\":\"\",\"initialRows\":\"4\"}', '2017-09-15 15:37:10', '2017-09-15 15:37:10', '68ed922a-53ed-4725-8a67-d9460f1462cc'),
 ('8', '2', 'Fund Objective', 'fundObjective', 'global', '', '0', 'RichText', '{\"configFile\":\"\",\"availableAssetSources\":\"\",\"availableTransforms\":\"\",\"cleanupHtml\":\"1\",\"purifyHtml\":\"1\",\"purifierConfig\":\"\",\"columnType\":\"text\"}', '2017-09-15 15:37:17', '2017-09-15 15:40:34', 'bc8bc47f-5b1c-4773-9f51-de7eed40a3f1'),
 ('9', '3', 'Scheme Name', 'schemeName', 'global', '', '0', 'PlainText', '{\"placeholder\":\"\",\"maxLength\":\"\",\"multiline\":\"\",\"initialRows\":\"4\"}', '2017-09-15 15:44:38', '2017-09-15 15:44:38', '5a984ffd-143c-4583-98ca-e8ab264b2a58'),
 ('10', '3', 'Product Name', 'productName', 'global', '', '0', 'PlainText', '{\"placeholder\":\"\",\"maxLength\":\"\",\"multiline\":\"\",\"initialRows\":\"4\"}', '2017-09-15 15:45:08', '2017-09-15 15:45:08', '297b125a-475b-4784-a119-a530e246bc12'),
 ('12', '3', 'Default Fund', 'defaultFund', 'global', '', '0', 'Entries', '{\"sources\":[\"section:5\"],\"limit\":\"1\",\"selectionLabel\":\"\"}', '2017-09-15 15:46:00', '2017-09-15 15:46:12', '65455596-1fd5-4668-a254-75238e16de61'),
 ('13', '3', 'Active Funds', 'activeFunds', 'global', '', '0', 'Matrix', '{\"maxBlocks\":null}', '2017-09-15 15:46:27', '2017-09-15 15:57:09', '6f2d11e0-01f1-408a-ba4e-b915d38ee85c'),
 ('14', '3', 'Closed Funds', 'closedFunds', 'global', '', '0', 'Entries', '{\"sources\":[\"section:5\"],\"limit\":\"\",\"selectionLabel\":\"\"}', '2017-09-15 15:47:24', '2017-09-15 15:47:24', 'adc1d77d-1760-4189-986f-9fca25875f8c'),
 ('15', NULL, 'Fund Name', 'fundName', 'matrixBlockType:1', '', '0', 'Entries', '{\"sources\":[\"section:5\"],\"limit\":\"1\",\"selectionLabel\":\"\"}', '2017-09-15 15:54:28', '2017-09-15 15:57:09', '61e82c7f-7aa8-4996-81c0-e12944c383fa'),
 ('16', NULL, 'Fund Charge', 'fundCharge', 'matrixBlockType:1', '', '0', 'PlainText', '{\"placeholder\":\"\",\"maxLength\":\"\",\"multiline\":\"\",\"initialRows\":\"4\"}', '2017-09-15 15:54:28', '2017-09-15 15:57:09', 'd555a3c8-fd39-4a48-942d-2b46f8467287'),
 ('17', '4', 'Lifestyle Name', 'lifestyleName', 'global', '', '0', 'PlainText', '{\"placeholder\":\"\",\"maxLength\":\"\",\"multiline\":\"\",\"initialRows\":\"4\"}', '2017-09-15 15:58:07', '2017-09-15 15:58:07', 'f4d87044-6742-4233-8c98-44e5965d0862'),
 ('18', '4', 'Lifestyle Glide', 'lifestyleGlide', 'global', '', '0', 'Table', '{\"columns\":{\"col1\":{\"heading\":\"\",\"handle\":\"\",\"width\":\"\",\"type\":\"singleline\"},\"col2\":{\"heading\":\"\",\"handle\":\"\",\"width\":\"\",\"type\":\"singleline\"},\"col3\":{\"heading\":\"\",\"handle\":\"\",\"width\":\"\",\"type\":\"singleline\"},\"col4\":{\"heading\":\"\",\"handle\":\"\",\"width\":\"\",\"type\":\"singleline\"}},\"defaults\":{\"row1\":{\"col1\":\"\",\"col2\":\"\",\"col3\":\"\",\"col4\":\"\"}}}', '2017-09-15 15:58:57', '2017-09-15 15:58:57', '36d24373-db0f-46bf-9358-a362e13af170');



DROP TABLE IF EXISTS `craft_globalsets`;


--
-- Schema for table `craft_globalsets`
--
CREATE TABLE `craft_globalsets` (
  `id` int(11) NOT NULL,
  `name` varchar(255) COLLATE utf8_unicode_ci NOT NULL,
  `handle` varchar(255) COLLATE utf8_unicode_ci NOT NULL,
  `fieldLayoutId` int(10) DEFAULT NULL,
  `dateCreated` datetime NOT NULL,
  `dateUpdated` datetime NOT NULL,
  `uid` char(36) COLLATE utf8_unicode_ci NOT NULL DEFAULT '0',
  PRIMARY KEY (`id`),
  UNIQUE KEY `craft_globalsets_name_unq_idx` (`name`),
  UNIQUE KEY `craft_globalsets_handle_unq_idx` (`handle`),
  KEY `craft_globalsets_fieldLayoutId_fk` (`fieldLayoutId`)
) ENGINE=InnoDB DEFAULT CHARSET=utf8 COLLATE=utf8_unicode_ci;

--
-- Data for table `craft_globalsets`
--

INSERT INTO `craft_globalsets` (`id`, `name`, `handle`, `fieldLayoutId`, `dateCreated`, `dateUpdated`, `uid`) VALUES
 ('4', 'Footer', 'footer', '6', '2017-09-15 15:11:07', '2017-09-15 15:11:07', '41276d70-86c4-4632-8bb7-9b0da340a6cc');



DROP TABLE IF EXISTS `craft_info`;


--
-- Schema for table `craft_info`
--
CREATE TABLE `craft_info` (
  `id` int(11) NOT NULL AUTO_INCREMENT,
  `version` varchar(50) COLLATE utf8_unicode_ci NOT NULL,
  `schemaVersion` varchar(15) COLLATE utf8_unicode_ci NOT NULL,
  `edition` tinyint(1) unsigned NOT NULL DEFAULT '0',
  `siteName` varchar(100) COLLATE utf8_unicode_ci NOT NULL,
  `siteUrl` varchar(255) COLLATE utf8_unicode_ci NOT NULL,
  `timezone` varchar(30) COLLATE utf8_unicode_ci DEFAULT NULL,
  `on` tinyint(1) unsigned NOT NULL DEFAULT '0',
  `maintenance` tinyint(1) unsigned NOT NULL DEFAULT '0',
  `dateCreated` datetime NOT NULL,
  `dateUpdated` datetime NOT NULL,
  `uid` char(36) COLLATE utf8_unicode_ci NOT NULL DEFAULT '0',
  PRIMARY KEY (`id`)
) ENGINE=InnoDB AUTO_INCREMENT=2 DEFAULT CHARSET=utf8 COLLATE=utf8_unicode_ci;

--
-- Data for table `craft_info`
--

INSERT INTO `craft_info` (`id`, `version`, `schemaVersion`, `edition`, `siteName`, `siteUrl`, `timezone`, `on`, `maintenance`, `dateCreated`, `dateUpdated`, `uid`) VALUES
 ('1', '2.6.2989', '2.6.10', '0', 'Test CraftCMS Site', 'http://localhost', 'UTC', '1', '0', '2017-09-15 15:06:35', '2017-09-15 15:06:35', '1940aedf-e5d9-4edc-9c7b-a58f0f388acc');



DROP TABLE IF EXISTS `craft_locales`;


--
-- Schema for table `craft_locales`
--
CREATE TABLE `craft_locales` (
  `locale` char(12) COLLATE utf8_unicode_ci NOT NULL,
  `sortOrder` smallint(6) unsigned DEFAULT NULL,
  `dateCreated` datetime NOT NULL,
  `dateUpdated` datetime NOT NULL,
  `uid` char(36) COLLATE utf8_unicode_ci NOT NULL DEFAULT '0',
  PRIMARY KEY (`locale`),
  KEY `craft_locales_sortOrder_idx` (`sortOrder`)
) ENGINE=InnoDB DEFAULT CHARSET=utf8 COLLATE=utf8_unicode_ci;

--
-- Data for table `craft_locales`
--

INSERT INTO `craft_locales` (`locale`, `sortOrder`, `dateCreated`, `dateUpdated`, `uid`) VALUES
 ('en_gb', '1', '2017-09-15 15:06:37', '2017-09-15 15:06:37', '2bc4042e-69a3-4fb1-aa3b-fb5a5a3a67e2');



DROP TABLE IF EXISTS `craft_matrixblocks`;


--
-- Schema for table `craft_matrixblocks`
--
CREATE TABLE `craft_matrixblocks` (
  `id` int(11) NOT NULL,
  `ownerId` int(11) NOT NULL,
  `fieldId` int(11) NOT NULL,
  `typeId` int(11) DEFAULT NULL,
  `sortOrder` smallint(6) unsigned DEFAULT NULL,
  `ownerLocale` char(12) COLLATE utf8_unicode_ci DEFAULT NULL,
  `dateCreated` datetime NOT NULL,
  `dateUpdated` datetime NOT NULL,
  `uid` char(36) COLLATE utf8_unicode_ci NOT NULL DEFAULT '0',
  PRIMARY KEY (`id`),
  KEY `craft_matrixblocks_ownerId_idx` (`ownerId`),
  KEY `craft_matrixblocks_fieldId_idx` (`fieldId`),
  KEY `craft_matrixblocks_typeId_idx` (`typeId`),
  KEY `craft_matrixblocks_sortOrder_idx` (`sortOrder`),
  KEY `craft_matrixblocks_ownerLocale_fk` (`ownerLocale`)
) ENGINE=InnoDB DEFAULT CHARSET=utf8 COLLATE=utf8_unicode_ci;

--
-- Data for table `craft_matrixblocks`
--

INSERT INTO `craft_matrixblocks` (`id`, `ownerId`, `fieldId`, `typeId`, `sortOrder`, `ownerLocale`, `dateCreated`, `dateUpdated`, `uid`) VALUES
 ('17', '15', '13', '1', '1', NULL, '2017-09-15 15:55:09', '2017-09-15 15:59:13', 'feebab93-43ba-42f3-ab12-ac13abb33455'),
 ('18', '15', '13', '1', '2', NULL, '2017-09-15 15:56:31', '2017-09-15 15:59:13', '4c20b1a9-aa70-433f-98c5-92bbbb1e484f'),
 ('19', '16', '13', '1', '1', NULL, '2017-09-15 16:03:33', '2017-09-15 16:03:33', '65bd7758-de3e-4ff3-864f-95dfbcb52bb3');



DROP TABLE IF EXISTS `craft_matrixblocktypes`;


--
-- Schema for table `craft_matrixblocktypes`
--
CREATE TABLE `craft_matrixblocktypes` (
  `id` int(11) NOT NULL AUTO_INCREMENT,
  `fieldId` int(11) NOT NULL,
  `fieldLayoutId` int(11) DEFAULT NULL,
  `name` varchar(255) COLLATE utf8_unicode_ci NOT NULL,
  `handle` varchar(255) COLLATE utf8_unicode_ci NOT NULL,
  `sortOrder` smallint(6) unsigned DEFAULT NULL,
  `dateCreated` datetime NOT NULL,
  `dateUpdated` datetime NOT NULL,
  `uid` char(36) COLLATE utf8_unicode_ci NOT NULL DEFAULT '0',
  PRIMARY KEY (`id`),
  UNIQUE KEY `craft_matrixblocktypes_name_fieldId_unq_idx` (`name`,`fieldId`),
  UNIQUE KEY `craft_matrixblocktypes_handle_fieldId_unq_idx` (`handle`,`fieldId`),
  KEY `craft_matrixblocktypes_fieldId_fk` (`fieldId`),
  KEY `craft_matrixblocktypes_fieldLayoutId_fk` (`fieldLayoutId`)
) ENGINE=InnoDB AUTO_INCREMENT=2 DEFAULT CHARSET=utf8 COLLATE=utf8_unicode_ci;

--
-- Data for table `craft_matrixblocktypes`
--

INSERT INTO `craft_matrixblocktypes` (`id`, `fieldId`, `fieldLayoutId`, `name`, `handle`, `sortOrder`, `dateCreated`, `dateUpdated`, `uid`) VALUES
 ('1', '13', '23', 'Fund', 'fund', '1', '2017-09-15 15:54:28', '2017-09-15 15:57:09', '2d68b70d-a02b-43a2-9bed-090b96e0a106');



DROP TABLE IF EXISTS `craft_matrixcontent_activefunds`;


--
-- Schema for table `craft_matrixcontent_activefunds`
--
CREATE TABLE `craft_matrixcontent_activefunds` (
  `id` int(11) NOT NULL AUTO_INCREMENT,
  `elementId` int(11) NOT NULL,
  `locale` char(12) COLLATE utf8_unicode_ci NOT NULL,
  `field_fund_fundCharge` text COLLATE utf8_unicode_ci,
  `dateCreated` datetime NOT NULL,
  `dateUpdated` datetime NOT NULL,
  `uid` char(36) COLLATE utf8_unicode_ci NOT NULL DEFAULT '0',
  PRIMARY KEY (`id`),
  UNIQUE KEY `craft_matrixcontent_activefunds_elementId_locale_unq_idx` (`elementId`,`locale`),
  KEY `craft_matrixcontent_activefunds_locale_fk` (`locale`)
) ENGINE=InnoDB AUTO_INCREMENT=4 DEFAULT CHARSET=utf8 COLLATE=utf8_unicode_ci;

--
-- Data for table `craft_matrixcontent_activefunds`
--

INSERT INTO `craft_matrixcontent_activefunds` (`id`, `elementId`, `locale`, `field_fund_fundCharge`, `dateCreated`, `dateUpdated`, `uid`) VALUES
 ('1', '17', 'en_gb', '.5', '2017-09-15 15:55:09', '2017-09-15 15:59:13', 'b5789d2f-7673-4d5b-9eac-6d96482ac740'),
 ('2', '18', 'en_gb', '.75', '2017-09-15 15:56:31', '2017-09-15 15:59:13', '75b506df-9fbc-441d-8af9-f77c9b9cf5e0'),
 ('3', '19', 'en_gb', '', '2017-09-15 16:03:33', '2017-09-15 16:03:33', 'ca0ccf13-c753-49b2-8dd9-c1bbe3f23972');



DROP TABLE IF EXISTS `craft_migrations`;


--
-- Schema for table `craft_migrations`
--
CREATE TABLE `craft_migrations` (
  `id` int(11) NOT NULL AUTO_INCREMENT,
  `pluginId` int(11) DEFAULT NULL,
  `version` varchar(255) COLLATE utf8_unicode_ci NOT NULL,
  `applyTime` datetime NOT NULL,
  `dateCreated` datetime NOT NULL,
  `dateUpdated` datetime NOT NULL,
  `uid` char(36) COLLATE utf8_unicode_ci NOT NULL DEFAULT '0',
  PRIMARY KEY (`id`),
  UNIQUE KEY `craft_migrations_version_unq_idx` (`version`),
  KEY `craft_migrations_pluginId_fk` (`pluginId`)
) ENGINE=InnoDB AUTO_INCREMENT=40 DEFAULT CHARSET=utf8 COLLATE=utf8_unicode_ci;

--
-- Data for table `craft_migrations`
--

INSERT INTO `craft_migrations` (`id`, `pluginId`, `version`, `applyTime`, `dateCreated`, `dateUpdated`, `uid`) VALUES
 ('1', NULL, 'm000000_000000_base', '2017-09-15 15:06:36', '2017-09-15 15:06:36', '2017-09-15 15:06:36', '63bf0e0a-7952-4380-816d-7212d7933a88'),
 ('2', NULL, 'm140730_000001_add_filename_and_format_to_transformindex', '2017-09-15 15:06:36', '2017-09-15 15:06:36', '2017-09-15 15:06:36', 'a42ca0d1-6c4f-4a7e-b5c0-2350b3da3353'),
 ('3', NULL, 'm140815_000001_add_format_to_transforms', '2017-09-15 15:06:36', '2017-09-15 15:06:36', '2017-09-15 15:06:36', 'a05c3f2e-4c85-4a67-891d-c098f10d5adf'),
 ('4', NULL, 'm140822_000001_allow_more_than_128_items_per_field', '2017-09-15 15:06:36', '2017-09-15 15:06:36', '2017-09-15 15:06:36', 'a3f103c4-c276-4ce3-9eb6-885c19971d38'),
 ('5', NULL, 'm140829_000001_single_title_formats', '2017-09-15 15:06:36', '2017-09-15 15:06:36', '2017-09-15 15:06:36', '52269d68-ff63-4e1c-9b82-eb8bc017f413'),
 ('6', NULL, 'm140831_000001_extended_cache_keys', '2017-09-15 15:06:36', '2017-09-15 15:06:36', '2017-09-15 15:06:36', 'b7b01646-056f-4266-8504-69364874eab3'),
 ('7', NULL, 'm140922_000001_delete_orphaned_matrix_blocks', '2017-09-15 15:06:36', '2017-09-15 15:06:36', '2017-09-15 15:06:36', '3f023e6c-57b1-4010-8071-21a045e5f43a'),
 ('8', NULL, 'm141008_000001_elements_index_tune', '2017-09-15 15:06:36', '2017-09-15 15:06:36', '2017-09-15 15:06:36', '653026ca-005d-4b19-ae90-a9c2b3cf60d8'),
 ('9', NULL, 'm141009_000001_assets_source_handle', '2017-09-15 15:06:36', '2017-09-15 15:06:36', '2017-09-15 15:06:36', '96194bba-6314-430c-8df1-b650ed05c8f9'),
 ('10', NULL, 'm141024_000001_field_layout_tabs', '2017-09-15 15:06:36', '2017-09-15 15:06:36', '2017-09-15 15:06:36', 'c19f84f5-1836-479b-84b9-9f4c9fef8050'),
 ('11', NULL, 'm141030_000000_plugin_schema_versions', '2017-09-15 15:06:36', '2017-09-15 15:06:36', '2017-09-15 15:06:36', 'a7fbe5ad-ff5d-441c-823b-b0cb43323751'),
 ('12', NULL, 'm141030_000001_drop_structure_move_permission', '2017-09-15 15:06:36', '2017-09-15 15:06:36', '2017-09-15 15:06:36', '3d0eb146-78fa-4f27-a727-8e4a549b6f6d'),
 ('13', NULL, 'm141103_000001_tag_titles', '2017-09-15 15:06:36', '2017-09-15 15:06:36', '2017-09-15 15:06:36', '7913328e-38c9-4f7a-bfa4-d9130f74d281'),
 ('14', NULL, 'm141109_000001_user_status_shuffle', '2017-09-15 15:06:36', '2017-09-15 15:06:36', '2017-09-15 15:06:36', '8f26161e-8703-491c-b338-2e6490c64495'),
 ('15', NULL, 'm141126_000001_user_week_start_day', '2017-09-15 15:06:36', '2017-09-15 15:06:36', '2017-09-15 15:06:36', 'e2e86233-92d4-4876-b0d3-1d8fd0b503a2'),
 ('16', NULL, 'm150210_000001_adjust_user_photo_size', '2017-09-15 15:06:36', '2017-09-15 15:06:36', '2017-09-15 15:06:36', '04daeee9-bfb2-48af-b0f8-62aac95bd49a'),
 ('17', NULL, 'm150724_000001_adjust_quality_settings', '2017-09-15 15:06:36', '2017-09-15 15:06:36', '2017-09-15 15:06:36', '10349136-08a5-408d-8491-9cf17f04eef5'),
 ('18', NULL, 'm150827_000000_element_index_settings', '2017-09-15 15:06:36', '2017-09-15 15:06:36', '2017-09-15 15:06:36', '8fbf2f93-9114-4f6c-84bb-8b770674f404'),
 ('19', NULL, 'm150918_000001_add_colspan_to_widgets', '2017-09-15 15:06:36', '2017-09-15 15:06:36', '2017-09-15 15:06:36', 'ef28576b-83b5-458a-b1cb-174b4766989f'),
 ('20', NULL, 'm151007_000000_clear_asset_caches', '2017-09-15 15:06:36', '2017-09-15 15:06:36', '2017-09-15 15:06:36', '67257de1-1ce4-43f8-a033-0fc0d31f9f1e'),
 ('21', NULL, 'm151109_000000_text_url_formats', '2017-09-15 15:06:36', '2017-09-15 15:06:36', '2017-09-15 15:06:36', '953d6f3c-56c9-47bc-943b-d88ebccb3320'),
 ('22', NULL, 'm151110_000000_move_logo', '2017-09-15 15:06:36', '2017-09-15 15:06:36', '2017-09-15 15:06:36', 'a6a9d95e-6797-4e36-b3b3-2b1ca9adfac7'),
 ('23', NULL, 'm151117_000000_adjust_image_widthheight', '2017-09-15 15:06:36', '2017-09-15 15:06:36', '2017-09-15 15:06:36', '29480640-f127-46a0-873a-ab6152cdf204'),
 ('24', NULL, 'm151127_000000_clear_license_key_status', '2017-09-15 15:06:36', '2017-09-15 15:06:36', '2017-09-15 15:06:36', 'd6c9c6f5-3db6-4e77-9659-1d0d6bfb5ed8'),
 ('25', NULL, 'm151127_000000_plugin_license_keys', '2017-09-15 15:06:36', '2017-09-15 15:06:36', '2017-09-15 15:06:36', 'a70a27df-641a-4678-8b8d-f6adbe417efe'),
 ('26', NULL, 'm151130_000000_update_pt_widget_feeds', '2017-09-15 15:06:36', '2017-09-15 15:06:36', '2017-09-15 15:06:36', '3763f8c0-4e29-4dbe-a39f-f061788996b0'),
 ('27', NULL, 'm160114_000000_asset_sources_public_url_default_true', '2017-09-15 15:06:36', '2017-09-15 15:06:36', '2017-09-15 15:06:36', '7e65704f-eaad-4e2c-9965-5f1e7dcd784e'),
 ('28', NULL, 'm160223_000000_sortorder_to_smallint', '2017-09-15 15:06:36', '2017-09-15 15:06:36', '2017-09-15 15:06:36', '96ee3d6e-98ab-44f1-af2d-c0571dad86c6'),
 ('29', NULL, 'm160229_000000_set_default_entry_statuses', '2017-09-15 15:06:36', '2017-09-15 15:06:36', '2017-09-15 15:06:36', '62bc7627-bf75-43c1-95cd-f85e8f5030ae'),
 ('30', NULL, 'm160304_000000_client_permissions', '2017-09-15 15:06:36', '2017-09-15 15:06:36', '2017-09-15 15:06:36', '326ec8b5-8458-4d50-8432-318be422fec9'),
 ('31', NULL, 'm160322_000000_asset_filesize', '2017-09-15 15:06:36', '2017-09-15 15:06:36', '2017-09-15 15:06:36', 'e1cb6dc2-53e4-450f-8725-08e04441a040'),
 ('32', NULL, 'm160503_000000_orphaned_fieldlayouts', '2017-09-15 15:06:36', '2017-09-15 15:06:36', '2017-09-15 15:06:36', 'c824810a-34fd-4b30-ad90-c4f8923b892d'),
 ('33', NULL, 'm160510_000000_tasksettings', '2017-09-15 15:06:36', '2017-09-15 15:06:36', '2017-09-15 15:06:36', '129b9d2b-4b4d-459b-a7c6-d6222c676f3a'),
 ('34', NULL, 'm160829_000000_pending_user_content_cleanup', '2017-09-15 15:06:36', '2017-09-15 15:06:36', '2017-09-15 15:06:36', '4ef6cad3-34cd-42be-9023-bbfcc899cba1'),
 ('35', NULL, 'm160830_000000_asset_index_uri_increase', '2017-09-15 15:06:36', '2017-09-15 15:06:36', '2017-09-15 15:06:36', 'd4f0345e-12c4-4724-b69a-0aec1ddc0fc1'),
 ('36', NULL, 'm160919_000000_usergroup_handle_title_unique', '2017-09-15 15:06:36', '2017-09-15 15:06:36', '2017-09-15 15:06:36', 'd17fbfab-d2f3-4b39-9761-daaa536ece97'),
 ('37', NULL, 'm161108_000000_new_version_format', '2017-09-15 15:06:36', '2017-09-15 15:06:36', '2017-09-15 15:06:36', 'c98cf6dc-8305-4aa4-b72a-23f7046ad48f'),
 ('38', NULL, 'm161109_000000_index_shuffle', '2017-09-15 15:06:36', '2017-09-15 15:06:36', '2017-09-15 15:06:36', 'd61798f8-1a1b-4b5b-a951-fd71bf5dce7c'),
 ('39', NULL, 'm170612_000000_route_index_shuffle', '2017-09-15 15:06:36', '2017-09-15 15:06:36', '2017-09-15 15:06:36', '92f4560c-8ef6-4ae8-8484-07123b08002c');



DROP TABLE IF EXISTS `craft_plugins`;


--
-- Schema for table `craft_plugins`
--
CREATE TABLE `craft_plugins` (
  `id` int(11) NOT NULL AUTO_INCREMENT,
  `class` varchar(150) COLLATE utf8_unicode_ci NOT NULL,
  `version` varchar(15) COLLATE utf8_unicode_ci NOT NULL,
  `schemaVersion` varchar(15) COLLATE utf8_unicode_ci DEFAULT NULL,
  `licenseKey` char(24) COLLATE utf8_unicode_ci DEFAULT NULL,
  `licenseKeyStatus` enum('valid','invalid','mismatched','unknown') COLLATE utf8_unicode_ci NOT NULL DEFAULT 'unknown',
  `enabled` tinyint(1) unsigned NOT NULL DEFAULT '0',
  `settings` text COLLATE utf8_unicode_ci,
  `installDate` datetime NOT NULL,
  `dateCreated` datetime NOT NULL,
  `dateUpdated` datetime NOT NULL,
  `uid` char(36) COLLATE utf8_unicode_ci NOT NULL DEFAULT '0',
  PRIMARY KEY (`id`)
) ENGINE=InnoDB DEFAULT CHARSET=utf8 COLLATE=utf8_unicode_ci;

DROP TABLE IF EXISTS `craft_rackspaceaccess`;


--
-- Schema for table `craft_rackspaceaccess`
--
CREATE TABLE `craft_rackspaceaccess` (
  `id` int(11) NOT NULL AUTO_INCREMENT,
  `connectionKey` varchar(255) COLLATE utf8_unicode_ci NOT NULL,
  `token` varchar(255) COLLATE utf8_unicode_ci NOT NULL,
  `storageUrl` varchar(255) COLLATE utf8_unicode_ci NOT NULL,
  `cdnUrl` varchar(255) COLLATE utf8_unicode_ci NOT NULL,
  `dateCreated` datetime NOT NULL,
  `dateUpdated` datetime NOT NULL,
  `uid` char(36) COLLATE utf8_unicode_ci NOT NULL DEFAULT '0',
  PRIMARY KEY (`id`),
  UNIQUE KEY `craft_rackspaceaccess_connectionKey_unq_idx` (`connectionKey`)
) ENGINE=InnoDB DEFAULT CHARSET=utf8 COLLATE=utf8_unicode_ci;

DROP TABLE IF EXISTS `craft_relations`;


--
-- Schema for table `craft_relations`
--
CREATE TABLE `craft_relations` (
  `id` int(11) NOT NULL AUTO_INCREMENT,
  `fieldId` int(11) NOT NULL,
  `sourceId` int(11) NOT NULL,
  `sourceLocale` char(12) COLLATE utf8_unicode_ci DEFAULT NULL,
  `targetId` int(11) NOT NULL,
  `sortOrder` smallint(6) DEFAULT NULL,
  `dateCreated` datetime NOT NULL,
  `dateUpdated` datetime NOT NULL,
  `uid` char(36) COLLATE utf8_unicode_ci NOT NULL DEFAULT '0',
  PRIMARY KEY (`id`),
  UNIQUE KEY `craft_relations_fieldId_sourceId_sourceLocale_targetId_unq_idx` (`fieldId`,`sourceId`,`sourceLocale`,`targetId`),
  KEY `craft_relations_sourceId_fk` (`sourceId`),
  KEY `craft_relations_sourceLocale_fk` (`sourceLocale`),
  KEY `craft_relations_targetId_fk` (`targetId`)
) ENGINE=InnoDB AUTO_INCREMENT=21 DEFAULT CHARSET=utf8 COLLATE=utf8_unicode_ci;

--
-- Data for table `craft_relations`
--

INSERT INTO `craft_relations` (`id`, `fieldId`, `sourceId`, `sourceLocale`, `targetId`, `sortOrder`, `dateCreated`, `dateUpdated`, `uid`) VALUES
 ('3', '3', '8', NULL, '10', '1', '2017-09-15 15:33:43', '2017-09-15 15:33:43', 'b5916d33-c422-4abc-bc98-3534ecaaca4f'),
 ('4', '3', '8', NULL, '13', '2', '2017-09-15 15:33:43', '2017-09-15 15:33:43', 'aa8737fc-7de6-4b70-aa9b-cd592b234508'),
 ('5', '3', '8', NULL, '12', '3', '2017-09-15 15:33:43', '2017-09-15 15:33:43', '58a7856e-7856-4fe0-8f78-099581478ed4'),
 ('9', '13', '16', NULL, '14', '1', '2017-09-15 15:50:48', '2017-09-15 15:50:48', '4bd16e4a-1f90-48dd-8eea-8ad2f0c1606e'),
 ('11', '13', '15', NULL, '14', '1', '2017-09-15 15:52:44', '2017-09-15 15:52:44', '1ee02d4c-64fc-481a-87fa-4201594c7d9d'),
 ('17', '12', '15', NULL, '14', '1', '2017-09-15 15:59:13', '2017-09-15 15:59:13', 'f0d52ed9-a9d3-4a7d-b542-10689eb285c8'),
 ('18', '15', '17', NULL, '14', '1', '2017-09-15 15:59:13', '2017-09-15 15:59:13', '97299d66-2634-44cc-b04a-46ecb30315c3'),
 ('19', '15', '18', NULL, '14', '1', '2017-09-15 15:59:13', '2017-09-15 15:59:13', '69bc25f6-7cf4-4ce2-8576-7ab977c17d02'),
 ('20', '15', '19', NULL, '14', '1', '2017-09-15 16:03:33', '2017-09-15 16:03:33', 'bde4435b-659e-48c0-8c46-8329fd28c985');



DROP TABLE IF EXISTS `craft_routes`;


--
-- Schema for table `craft_routes`
--
CREATE TABLE `craft_routes` (
  `id` int(11) NOT NULL AUTO_INCREMENT,
  `locale` char(12) COLLATE utf8_unicode_ci DEFAULT NULL,
  `urlParts` varchar(255) COLLATE utf8_unicode_ci NOT NULL,
  `urlPattern` varchar(255) COLLATE utf8_unicode_ci NOT NULL,
  `template` varchar(255) COLLATE utf8_unicode_ci NOT NULL,
  `sortOrder` smallint(6) unsigned DEFAULT NULL,
  `dateCreated` datetime NOT NULL,
  `dateUpdated` datetime NOT NULL,
  `uid` char(36) COLLATE utf8_unicode_ci NOT NULL DEFAULT '0',
  PRIMARY KEY (`id`),
  KEY `craft_routes_locale_idx` (`locale`),
  KEY `craft_routes_urlPattern_idx` (`urlPattern`)
) ENGINE=InnoDB DEFAULT CHARSET=utf8 COLLATE=utf8_unicode_ci;

DROP TABLE IF EXISTS `craft_searchindex`;


--
-- Schema for table `craft_searchindex`
--
CREATE TABLE `craft_searchindex` (
  `elementId` int(11) NOT NULL,
  `attribute` varchar(25) COLLATE utf8_unicode_ci NOT NULL,
  `fieldId` int(11) NOT NULL,
  `locale` char(12) COLLATE utf8_unicode_ci NOT NULL,
  `keywords` text COLLATE utf8_unicode_ci NOT NULL,
  PRIMARY KEY (`elementId`,`attribute`,`fieldId`,`locale`),
  FULLTEXT KEY `craft_searchindex_keywords_idx` (`keywords`)
) ENGINE=MyISAM DEFAULT CHARSET=utf8 COLLATE=utf8_unicode_ci;

--
-- Data for table `craft_searchindex`
--

INSERT INTO `craft_searchindex` (`elementId`, `attribute`, `fieldId`, `locale`, `keywords`) VALUES
 ('1', 'username', '0', 'en_gb', ' adam '),
 ('1', 'firstname', '0', 'en_gb', ''),
 ('1', 'lastname', '0', 'en_gb', ''),
 ('1', 'fullname', '0', 'en_gb', ''),
 ('1', 'email', '0', 'en_gb', ' adam devbook local '),
 ('1', 'slug', '0', 'en_gb', ''),
 ('10', 'slug', '0', 'en_gb', ' fund guide content blocks '),
 ('8', 'title', '0', 'en_gb', ' new fund guide '),
 ('9', 'field', '1', 'en_gb', ' more content goes here '),
 ('9', 'slug', '0', 'en_gb', ' fund guide content '),
 ('9', 'title', '0', 'en_gb', ' fund guide content '),
 ('11', 'field', '1', 'en_gb', ' this is your fund guide for your special product welcome '),
 ('10', 'field', '4', 'en_gb', ' intro '),
 ('10', 'field', '1', 'en_gb', ' welcome to your fund guide '),
 ('8', 'slug', '0', 'en_gb', ' new fund guide '),
 ('6', 'slug', '0', 'en_gb', ' fund guide content '),
 ('6', 'title', '0', 'en_gb', ' fund guide content '),
 ('7', 'field', '1', 'en_gb', ' fund guide introduction welcome etc '),
 ('7', 'slug', '0', 'en_gb', ' fund guide content '),
 ('7', 'title', '0', 'en_gb', ' fund guide content '),
 ('8', 'field', '3', 'en_gb', ' fund guide intro special conditions fg footer '),
 ('6', 'field', '1', 'en_gb', ' fund guide introduction welcome etc '),
 ('5', 'field', '1', 'en_gb', ' this is some content '),
 ('4', 'field', '1', 'en_gb', ' elephant plc registered in england on a hill company number 123465 '),
 ('4', 'slug', '0', 'en_gb', ''),
 ('5', 'slug', '0', 'en_gb', ' fund guide '),
 ('5', 'title', '0', 'en_gb', ' fund guide content '),
 ('10', 'title', '0', 'en_gb', ' fund guide intro '),
 ('5', 'field', '4', 'en_gb', ' fund guide content goes here '),
 ('11', 'slug', '0', 'en_gb', ' fg special intro '),
 ('11', 'title', '0', 'en_gb', ' fg special intro '),
 ('12', 'field', '1', 'en_gb', ' for more information please get in touch on 0800111111 '),
 ('12', 'slug', '0', 'en_gb', ' fg footer '),
 ('12', 'title', '0', 'en_gb', ' fg footer '),
 ('13', 'field', '1', 'en_gb', ' there are some special conditions for this fund guide '),
 ('13', 'slug', '0', 'en_gb', ' special conditions '),
 ('13', 'title', '0', 'en_gb', ' special conditions '),
 ('14', 'field', '5', 'en_gb', ' adams fund '),
 ('14', 'field', '7', 'en_gb', ' rich '),
 ('14', 'field', '8', 'en_gb', ''),
 ('14', 'field', '6', 'en_gb', ' medium '),
 ('14', 'slug', '0', 'en_gb', ' asdf '),
 ('14', 'title', '0', 'en_gb', ' asdf '),
 ('15', 'field', '9', 'en_gb', ' adam '),
 ('15', 'field', '10', 'en_gb', ''),
 ('15', 'field', '11', 'en_gb', ''),
 ('15', 'field', '12', 'en_gb', ' asdf '),
 ('15', 'field', '13', 'en_gb', ' 5 asdf 75 asdf '),
 ('15', 'field', '14', 'en_gb', ''),
 ('15', 'slug', '0', 'en_gb', ' adam kfa '),
 ('15', 'title', '0', 'en_gb', ' adam kfa '),
 ('16', 'field', '9', 'en_gb', ' adam '),
 ('16', 'field', '10', 'en_gb', ''),
 ('16', 'field', '11', 'en_gb', ''),
 ('16', 'field', '12', 'en_gb', ''),
 ('16', 'field', '13', 'en_gb', ' asdf '),
 ('16', 'field', '14', 'en_gb', ''),
 ('16', 'slug', '0', 'en_gb', ' adam kfa 1 '),
 ('16', 'title', '0', 'en_gb', ' rich kfa '),
 ('17', 'field', '15', 'en_gb', ' asdf '),
 ('17', 'field', '16', 'en_gb', ' 5 '),
 ('17', 'slug', '0', 'en_gb', ''),
 ('18', 'field', '15', 'en_gb', ' asdf '),
 ('18', 'field', '16', 'en_gb', ' 75 '),
 ('18', 'slug', '0', 'en_gb', ''),
 ('19', 'field', '15', 'en_gb', ' asdf '),
 ('19', 'field', '16', 'en_gb', ''),
 ('19', 'slug', '0', 'en_gb', '');



DROP TABLE IF EXISTS `craft_sections`;


--
-- Schema for table `craft_sections`
--
CREATE TABLE `craft_sections` (
  `id` int(11) NOT NULL AUTO_INCREMENT,
  `structureId` int(11) DEFAULT NULL,
  `name` varchar(255) COLLATE utf8_unicode_ci NOT NULL,
  `handle` varchar(255) COLLATE utf8_unicode_ci NOT NULL,
  `type` enum('single','channel','structure') COLLATE utf8_unicode_ci NOT NULL DEFAULT 'channel',
  `hasUrls` tinyint(1) unsigned NOT NULL DEFAULT '1',
  `template` varchar(500) COLLATE utf8_unicode_ci DEFAULT NULL,
  `enableVersioning` tinyint(1) unsigned NOT NULL DEFAULT '0',
  `dateCreated` datetime NOT NULL,
  `dateUpdated` datetime NOT NULL,
  `uid` char(36) COLLATE utf8_unicode_ci NOT NULL DEFAULT '0',
  PRIMARY KEY (`id`),
  UNIQUE KEY `craft_sections_name_unq_idx` (`name`),
  UNIQUE KEY `craft_sections_handle_unq_idx` (`handle`),
  KEY `craft_sections_structureId_fk` (`structureId`)
) ENGINE=InnoDB AUTO_INCREMENT=7 DEFAULT CHARSET=utf8 COLLATE=utf8_unicode_ci;

--
-- Data for table `craft_sections`
--

INSERT INTO `craft_sections` (`id`, `structureId`, `name`, `handle`, `type`, `hasUrls`, `template`, `enableVersioning`, `dateCreated`, `dateUpdated`, `uid`) VALUES
 ('3', NULL, 'Fund Guide Content Blocks', 'fundGuideContentBlock', 'channel', '1', 'fund-guide', '1', '2017-09-15 15:13:34', '2017-09-15 15:25:35', 'f04806f6-1b63-476f-9a3a-465d2c0459ce'),
 ('4', NULL, 'Fund Guide', 'fundGuide', 'channel', '1', 'fund-guide/_entry', '1', '2017-09-15 15:16:23', '2017-09-15 15:21:18', '43cc021f-555e-4739-af22-4efb2fd553ff'),
 ('5', NULL, 'Funds', 'funds', 'channel', '1', 'funds/_entry', '1', '2017-09-15 15:38:01', '2017-09-15 15:38:01', '06220427-1a3e-4684-b01e-ddb7af41911e'),
 ('6', NULL, 'KFA', 'kfa', 'channel', '1', 'kfa/_entry', '1', '2017-09-15 15:47:36', '2017-09-15 15:52:51', '5e017e0b-f580-459d-8dcf-d7be2dc47b74');



DROP TABLE IF EXISTS `craft_sections_i18n`;


--
-- Schema for table `craft_sections_i18n`
--
CREATE TABLE `craft_sections_i18n` (
  `id` int(11) NOT NULL AUTO_INCREMENT,
  `sectionId` int(11) NOT NULL,
  `locale` char(12) COLLATE utf8_unicode_ci NOT NULL,
  `enabledByDefault` tinyint(1) unsigned NOT NULL DEFAULT '1',
  `urlFormat` text COLLATE utf8_unicode_ci,
  `nestedUrlFormat` text COLLATE utf8_unicode_ci,
  `dateCreated` datetime NOT NULL,
  `dateUpdated` datetime NOT NULL,
  `uid` char(36) COLLATE utf8_unicode_ci NOT NULL DEFAULT '0',
  PRIMARY KEY (`id`),
  UNIQUE KEY `craft_sections_i18n_sectionId_locale_unq_idx` (`sectionId`,`locale`),
  KEY `craft_sections_i18n_locale_fk` (`locale`)
) ENGINE=InnoDB AUTO_INCREMENT=7 DEFAULT CHARSET=utf8 COLLATE=utf8_unicode_ci;

--
-- Data for table `craft_sections_i18n`
--

INSERT INTO `craft_sections_i18n` (`id`, `sectionId`, `locale`, `enabledByDefault`, `urlFormat`, `nestedUrlFormat`, `dateCreated`, `dateUpdated`, `uid`) VALUES
 ('3', '3', 'en_gb', '1', 'fund-guide-content/{slug}', NULL, '2017-09-15 15:13:34', '2017-09-15 15:20:12', 'f14a2608-2b1e-40a6-9eef-e711c536599d'),
 ('4', '4', 'en_gb', '1', 'fund-guide/{slug}', NULL, '2017-09-15 15:16:23', '2017-09-15 15:18:53', '0c6f5cea-d78d-47be-8457-1917036fce6b'),
 ('5', '5', 'en_gb', '1', 'funds/{slug}', NULL, '2017-09-15 15:38:01', '2017-09-15 15:38:01', '6d610f3d-7e6b-4f70-b04b-d841952a733e'),
 ('6', '6', 'en_gb', '1', 'kfa/{slug}', NULL, '2017-09-15 15:47:36', '2017-09-15 15:47:36', '1900cc6f-7b36-47d3-97ac-ff2a58d62833');



DROP TABLE IF EXISTS `craft_sessions`;


--
-- Schema for table `craft_sessions`
--
CREATE TABLE `craft_sessions` (
  `id` int(11) NOT NULL AUTO_INCREMENT,
  `userId` int(11) NOT NULL,
  `token` char(100) COLLATE utf8_unicode_ci NOT NULL,
  `dateCreated` datetime NOT NULL,
  `dateUpdated` datetime NOT NULL,
  `uid` char(36) COLLATE utf8_unicode_ci NOT NULL DEFAULT '0',
  PRIMARY KEY (`id`),
  KEY `craft_sessions_uid_idx` (`uid`),
  KEY `craft_sessions_token_idx` (`token`),
  KEY `craft_sessions_dateUpdated_idx` (`dateUpdated`),
  KEY `craft_sessions_userId_fk` (`userId`)
) ENGINE=InnoDB AUTO_INCREMENT=2 DEFAULT CHARSET=utf8 COLLATE=utf8_unicode_ci;

DROP TABLE IF EXISTS `craft_shunnedmessages`;


--
-- Schema for table `craft_shunnedmessages`
--
CREATE TABLE `craft_shunnedmessages` (
  `id` int(11) NOT NULL AUTO_INCREMENT,
  `userId` int(11) NOT NULL,
  `message` varchar(255) COLLATE utf8_unicode_ci NOT NULL,
  `expiryDate` datetime DEFAULT NULL,
  `dateCreated` datetime NOT NULL,
  `dateUpdated` datetime NOT NULL,
  `uid` char(36) COLLATE utf8_unicode_ci NOT NULL DEFAULT '0',
  PRIMARY KEY (`id`),
  UNIQUE KEY `craft_shunnedmessages_userId_message_unq_idx` (`userId`,`message`)
) ENGINE=InnoDB DEFAULT CHARSET=utf8 COLLATE=utf8_unicode_ci;

DROP TABLE IF EXISTS `craft_structureelements`;


--
-- Schema for table `craft_structureelements`
--
CREATE TABLE `craft_structureelements` (
  `id` int(11) NOT NULL AUTO_INCREMENT,
  `structureId` int(11) NOT NULL,
  `elementId` int(11) DEFAULT NULL,
  `root` int(11) unsigned DEFAULT NULL,
  `lft` int(11) unsigned NOT NULL,
  `rgt` int(11) unsigned NOT NULL,
  `level` smallint(6) unsigned NOT NULL,
  `dateCreated` datetime NOT NULL,
  `dateUpdated` datetime NOT NULL,
  `uid` char(36) COLLATE utf8_unicode_ci NOT NULL DEFAULT '0',
  PRIMARY KEY (`id`),
  UNIQUE KEY `craft_structureelements_structureId_elementId_unq_idx` (`structureId`,`elementId`),
  KEY `craft_structureelements_root_idx` (`root`),
  KEY `craft_structureelements_lft_idx` (`lft`),
  KEY `craft_structureelements_rgt_idx` (`rgt`),
  KEY `craft_structureelements_level_idx` (`level`),
  KEY `craft_structureelements_elementId_fk` (`elementId`)
) ENGINE=InnoDB DEFAULT CHARSET=utf8 COLLATE=utf8_unicode_ci;

DROP TABLE IF EXISTS `craft_structures`;


--
-- Schema for table `craft_structures`
--
CREATE TABLE `craft_structures` (
  `id` int(11) NOT NULL AUTO_INCREMENT,
  `maxLevels` smallint(6) unsigned DEFAULT NULL,
  `dateCreated` datetime NOT NULL,
  `dateUpdated` datetime NOT NULL,
  `uid` char(36) COLLATE utf8_unicode_ci NOT NULL DEFAULT '0',
  PRIMARY KEY (`id`)
) ENGINE=InnoDB AUTO_INCREMENT=2 DEFAULT CHARSET=utf8 COLLATE=utf8_unicode_ci;

DROP TABLE IF EXISTS `craft_systemsettings`;


--
-- Schema for table `craft_systemsettings`
--
CREATE TABLE `craft_systemsettings` (
  `id` int(11) NOT NULL AUTO_INCREMENT,
  `category` varchar(15) COLLATE utf8_unicode_ci NOT NULL,
  `settings` text COLLATE utf8_unicode_ci,
  `dateCreated` datetime NOT NULL,
  `dateUpdated` datetime NOT NULL,
  `uid` char(36) COLLATE utf8_unicode_ci NOT NULL DEFAULT '0',
  PRIMARY KEY (`id`),
  UNIQUE KEY `craft_systemsettings_category_unq_idx` (`category`)
) ENGINE=InnoDB AUTO_INCREMENT=2 DEFAULT CHARSET=utf8 COLLATE=utf8_unicode_ci;

--
-- Data for table `craft_systemsettings`
--

INSERT INTO `craft_systemsettings` (`id`, `category`, `settings`, `dateCreated`, `dateUpdated`, `uid`) VALUES
 ('1', 'email', '{\"protocol\":\"php\",\"emailAddress\":\"adam@devbook.local\",\"senderName\":\"Test CraftCMS Site\"}', '2017-09-15 15:06:43', '2017-09-15 15:06:43', '59558ac8-4a8e-4706-b3e9-8edbb5e690fd');



DROP TABLE IF EXISTS `craft_taggroups`;


--
-- Schema for table `craft_taggroups`
--
CREATE TABLE `craft_taggroups` (
  `id` int(11) NOT NULL AUTO_INCREMENT,
  `name` varchar(255) COLLATE utf8_unicode_ci NOT NULL,
  `handle` varchar(255) COLLATE utf8_unicode_ci NOT NULL,
  `fieldLayoutId` int(10) DEFAULT NULL,
  `dateCreated` datetime NOT NULL,
  `dateUpdated` datetime NOT NULL,
  `uid` char(36) COLLATE utf8_unicode_ci NOT NULL DEFAULT '0',
  PRIMARY KEY (`id`),
  UNIQUE KEY `craft_taggroups_name_unq_idx` (`name`),
  UNIQUE KEY `craft_taggroups_handle_unq_idx` (`handle`),
  KEY `craft_taggroups_fieldLayoutId_fk` (`fieldLayoutId`)
) ENGINE=InnoDB AUTO_INCREMENT=2 DEFAULT CHARSET=utf8 COLLATE=utf8_unicode_ci;

--
-- Data for table `craft_taggroups`
--

INSERT INTO `craft_taggroups` (`id`, `name`, `handle`, `fieldLayoutId`, `dateCreated`, `dateUpdated`, `uid`) VALUES
 ('1', 'Default', 'default', '1', '2017-09-15 15:06:43', '2017-09-15 15:06:43', 'bb2dfc49-2b7a-4f9c-adc6-0bbc420b054c');



DROP TABLE IF EXISTS `craft_tags`;


--
-- Schema for table `craft_tags`
--
CREATE TABLE `craft_tags` (
  `id` int(11) NOT NULL,
  `groupId` int(11) NOT NULL,
  `dateCreated` datetime NOT NULL,
  `dateUpdated` datetime NOT NULL,
  `uid` char(36) COLLATE utf8_unicode_ci NOT NULL DEFAULT '0',
  PRIMARY KEY (`id`),
  KEY `craft_tags_groupId_fk` (`groupId`)
) ENGINE=InnoDB DEFAULT CHARSET=utf8 COLLATE=utf8_unicode_ci;

DROP TABLE IF EXISTS `craft_tasks`;


--
-- Schema for table `craft_tasks`
--
CREATE TABLE `craft_tasks` (
  `id` int(11) NOT NULL AUTO_INCREMENT,
  `root` int(11) unsigned DEFAULT NULL,
  `lft` int(11) unsigned NOT NULL,
  `rgt` int(11) unsigned NOT NULL,
  `level` smallint(6) unsigned NOT NULL,
  `currentStep` int(11) unsigned DEFAULT NULL,
  `totalSteps` int(11) unsigned DEFAULT NULL,
  `status` enum('pending','error','running') COLLATE utf8_unicode_ci DEFAULT NULL,
  `type` varchar(150) COLLATE utf8_unicode_ci NOT NULL,
  `description` varchar(255) COLLATE utf8_unicode_ci DEFAULT NULL,
  `settings` mediumtext COLLATE utf8_unicode_ci,
  `dateCreated` datetime NOT NULL,
  `dateUpdated` datetime NOT NULL,
  `uid` char(36) COLLATE utf8_unicode_ci NOT NULL DEFAULT '0',
  PRIMARY KEY (`id`),
  KEY `craft_tasks_root_idx` (`root`),
  KEY `craft_tasks_lft_idx` (`lft`),
  KEY `craft_tasks_rgt_idx` (`rgt`),
  KEY `craft_tasks_level_idx` (`level`)
) ENGINE=InnoDB AUTO_INCREMENT=40 DEFAULT CHARSET=utf8 COLLATE=utf8_unicode_ci;

DROP TABLE IF EXISTS `craft_templatecachecriteria`;


--
-- Schema for table `craft_templatecachecriteria`
--
CREATE TABLE `craft_templatecachecriteria` (
  `id` int(11) NOT NULL AUTO_INCREMENT,
  `cacheId` int(11) NOT NULL,
  `type` varchar(150) COLLATE utf8_unicode_ci NOT NULL,
  `criteria` text COLLATE utf8_unicode_ci NOT NULL,
  PRIMARY KEY (`id`),
  KEY `craft_templatecachecriteria_cacheId_fk` (`cacheId`),
  KEY `craft_templatecachecriteria_type_idx` (`type`)
) ENGINE=InnoDB DEFAULT CHARSET=utf8 COLLATE=utf8_unicode_ci;

DROP TABLE IF EXISTS `craft_templatecacheelements`;


--
-- Schema for table `craft_templatecacheelements`
--
CREATE TABLE `craft_templatecacheelements` (
  `cacheId` int(11) NOT NULL,
  `elementId` int(11) NOT NULL,
  KEY `craft_templatecacheelements_cacheId_fk` (`cacheId`),
  KEY `craft_templatecacheelements_elementId_fk` (`elementId`)
) ENGINE=InnoDB DEFAULT CHARSET=utf8 COLLATE=utf8_unicode_ci;

DROP TABLE IF EXISTS `craft_templatecaches`;


--
-- Schema for table `craft_templatecaches`
--
CREATE TABLE `craft_templatecaches` (
  `id` int(11) NOT NULL AUTO_INCREMENT,
  `cacheKey` varchar(255) COLLATE utf8_unicode_ci NOT NULL,
  `locale` char(12) COLLATE utf8_unicode_ci NOT NULL,
  `path` varchar(255) COLLATE utf8_unicode_ci DEFAULT NULL,
  `expiryDate` datetime NOT NULL,
  `body` mediumtext COLLATE utf8_unicode_ci NOT NULL,
  PRIMARY KEY (`id`),
  KEY `craft_templatecaches_expiryDate_cacheKey_locale_path_idx` (`expiryDate`,`cacheKey`,`locale`,`path`),
  KEY `craft_templatecaches_locale_fk` (`locale`)
) ENGINE=InnoDB DEFAULT CHARSET=utf8 COLLATE=utf8_unicode_ci;

DROP TABLE IF EXISTS `craft_tokens`;


--
-- Schema for table `craft_tokens`
--
CREATE TABLE `craft_tokens` (
  `id` int(11) NOT NULL AUTO_INCREMENT,
  `token` char(32) COLLATE utf8_unicode_ci NOT NULL,
  `route` text COLLATE utf8_unicode_ci,
  `usageLimit` tinyint(3) unsigned DEFAULT NULL,
  `usageCount` tinyint(3) unsigned DEFAULT NULL,
  `expiryDate` datetime NOT NULL,
  `dateCreated` datetime NOT NULL,
  `dateUpdated` datetime NOT NULL,
  `uid` char(36) COLLATE utf8_unicode_ci NOT NULL DEFAULT '0',
  PRIMARY KEY (`id`),
  UNIQUE KEY `craft_tokens_token_unq_idx` (`token`),
  KEY `craft_tokens_expiryDate_idx` (`expiryDate`)
) ENGINE=InnoDB DEFAULT CHARSET=utf8 COLLATE=utf8_unicode_ci;

DROP TABLE IF EXISTS `craft_usergroups`;


--
-- Schema for table `craft_usergroups`
--
CREATE TABLE `craft_usergroups` (
  `id` int(11) NOT NULL AUTO_INCREMENT,
  `name` varchar(255) COLLATE utf8_unicode_ci NOT NULL,
  `handle` varchar(255) COLLATE utf8_unicode_ci NOT NULL,
  `dateCreated` datetime NOT NULL,
  `dateUpdated` datetime NOT NULL,
  `uid` char(36) COLLATE utf8_unicode_ci NOT NULL DEFAULT '0',
  PRIMARY KEY (`id`),
  UNIQUE KEY `craft_usergroups_name_unq_idx` (`name`),
  UNIQUE KEY `craft_usergroups_handle_unq_idx` (`handle`)
) ENGINE=InnoDB DEFAULT CHARSET=utf8 COLLATE=utf8_unicode_ci;

DROP TABLE IF EXISTS `craft_usergroups_users`;


--
-- Schema for table `craft_usergroups_users`
--
CREATE TABLE `craft_usergroups_users` (
  `id` int(11) NOT NULL AUTO_INCREMENT,
  `groupId` int(11) NOT NULL,
  `userId` int(11) NOT NULL,
  `dateCreated` datetime NOT NULL,
  `dateUpdated` datetime NOT NULL,
  `uid` char(36) COLLATE utf8_unicode_ci NOT NULL DEFAULT '0',
  PRIMARY KEY (`id`),
  UNIQUE KEY `craft_usergroups_users_groupId_userId_unq_idx` (`groupId`,`userId`),
  KEY `craft_usergroups_users_userId_fk` (`userId`)
) ENGINE=InnoDB DEFAULT CHARSET=utf8 COLLATE=utf8_unicode_ci;

DROP TABLE IF EXISTS `craft_userpermissions`;


--
-- Schema for table `craft_userpermissions`
--
CREATE TABLE `craft_userpermissions` (
  `id` int(11) NOT NULL AUTO_INCREMENT,
  `name` varchar(255) COLLATE utf8_unicode_ci NOT NULL,
  `dateCreated` datetime NOT NULL,
  `dateUpdated` datetime NOT NULL,
  `uid` char(36) COLLATE utf8_unicode_ci NOT NULL DEFAULT '0',
  PRIMARY KEY (`id`),
  UNIQUE KEY `craft_userpermissions_name_unq_idx` (`name`)
) ENGINE=InnoDB DEFAULT CHARSET=utf8 COLLATE=utf8_unicode_ci;

DROP TABLE IF EXISTS `craft_userpermissions_usergroups`;


--
-- Schema for table `craft_userpermissions_usergroups`
--
CREATE TABLE `craft_userpermissions_usergroups` (
  `id` int(11) NOT NULL AUTO_INCREMENT,
  `permissionId` int(11) NOT NULL,
  `groupId` int(11) NOT NULL,
  `dateCreated` datetime NOT NULL,
  `dateUpdated` datetime NOT NULL,
  `uid` char(36) COLLATE utf8_unicode_ci NOT NULL DEFAULT '0',
  PRIMARY KEY (`id`),
  UNIQUE KEY `craft_userpermissions_usergroups_permissionId_groupId_unq_idx` (`permissionId`,`groupId`),
  KEY `craft_userpermissions_usergroups_groupId_fk` (`groupId`)
) ENGINE=InnoDB DEFAULT CHARSET=utf8 COLLATE=utf8_unicode_ci;

DROP TABLE IF EXISTS `craft_userpermissions_users`;


--
-- Schema for table `craft_userpermissions_users`
--
CREATE TABLE `craft_userpermissions_users` (
  `id` int(11) NOT NULL AUTO_INCREMENT,
  `permissionId` int(11) NOT NULL,
  `userId` int(11) NOT NULL,
  `dateCreated` datetime NOT NULL,
  `dateUpdated` datetime NOT NULL,
  `uid` char(36) COLLATE utf8_unicode_ci NOT NULL DEFAULT '0',
  PRIMARY KEY (`id`),
  UNIQUE KEY `craft_userpermissions_users_permissionId_userId_unq_idx` (`permissionId`,`userId`),
  KEY `craft_userpermissions_users_userId_fk` (`userId`)
) ENGINE=InnoDB DEFAULT CHARSET=utf8 COLLATE=utf8_unicode_ci;

DROP TABLE IF EXISTS `craft_users`;


--
-- Schema for table `craft_users`
--
CREATE TABLE `craft_users` (
  `id` int(11) NOT NULL,
  `username` varchar(100) COLLATE utf8_unicode_ci NOT NULL,
  `photo` varchar(100) COLLATE utf8_unicode_ci DEFAULT NULL,
  `firstName` varchar(100) COLLATE utf8_unicode_ci DEFAULT NULL,
  `lastName` varchar(100) COLLATE utf8_unicode_ci DEFAULT NULL,
  `email` varchar(255) COLLATE utf8_unicode_ci NOT NULL,
  `password` char(255) COLLATE utf8_unicode_ci DEFAULT NULL,
  `preferredLocale` char(12) COLLATE utf8_unicode_ci DEFAULT NULL,
  `weekStartDay` tinyint(1) unsigned NOT NULL DEFAULT '0',
  `admin` tinyint(1) unsigned NOT NULL DEFAULT '0',
  `client` tinyint(1) unsigned NOT NULL DEFAULT '0',
  `locked` tinyint(1) unsigned NOT NULL DEFAULT '0',
  `suspended` tinyint(1) unsigned NOT NULL DEFAULT '0',
  `pending` tinyint(1) unsigned NOT NULL DEFAULT '0',
  `archived` tinyint(1) unsigned NOT NULL DEFAULT '0',
  `lastLoginDate` datetime DEFAULT NULL,
  `lastLoginAttemptIPAddress` varchar(45) COLLATE utf8_unicode_ci DEFAULT NULL,
  `invalidLoginWindowStart` datetime DEFAULT NULL,
  `invalidLoginCount` tinyint(4) unsigned DEFAULT NULL,
  `lastInvalidLoginDate` datetime DEFAULT NULL,
  `lockoutDate` datetime DEFAULT NULL,
  `verificationCode` char(100) COLLATE utf8_unicode_ci DEFAULT NULL,
  `verificationCodeIssuedDate` datetime DEFAULT NULL,
  `unverifiedEmail` varchar(255) COLLATE utf8_unicode_ci DEFAULT NULL,
  `passwordResetRequired` tinyint(1) unsigned NOT NULL DEFAULT '0',
  `lastPasswordChangeDate` datetime DEFAULT NULL,
  `dateCreated` datetime NOT NULL,
  `dateUpdated` datetime NOT NULL,
  `uid` char(36) COLLATE utf8_unicode_ci NOT NULL DEFAULT '0',
  PRIMARY KEY (`id`),
  UNIQUE KEY `craft_users_username_unq_idx` (`username`),
  UNIQUE KEY `craft_users_email_unq_idx` (`email`),
  KEY `craft_users_verificationCode_idx` (`verificationCode`),
  KEY `craft_users_uid_idx` (`uid`),
  KEY `craft_users_preferredLocale_fk` (`preferredLocale`)
) ENGINE=InnoDB DEFAULT CHARSET=utf8 COLLATE=utf8_unicode_ci;

--
-- Data for table `craft_users`
--

INSERT INTO `craft_users` (`id`, `username`, `photo`, `firstName`, `lastName`, `email`, `password`, `preferredLocale`, `weekStartDay`, `admin`, `client`, `locked`, `suspended`, `pending`, `archived`, `lastLoginDate`, `lastLoginAttemptIPAddress`, `invalidLoginWindowStart`, `invalidLoginCount`, `lastInvalidLoginDate`, `lockoutDate`, `verificationCode`, `verificationCodeIssuedDate`, `unverifiedEmail`, `passwordResetRequired`, `lastPasswordChangeDate`, `dateCreated`, `dateUpdated`, `uid`) VALUES
 ('1', 'adam', NULL, NULL, NULL, 'adam@devbook.local', '$2y$13$Q7kYM/zals05ccLS7Br.zOxg5UjmdhLyPkHHI/GQ/21TL8LZuw3.W', NULL, '0', '1', '0', '0', '0', '0', '0', '2017-09-15 15:06:43', '::1', NULL, NULL, NULL, NULL, NULL, NULL, NULL, '0', '2017-09-15 15:06:39', '2017-09-15 15:06:40', '2017-09-15 15:06:43', 'cb15f180-a430-4dd2-ae6d-b31eaff377e0');



DROP TABLE IF EXISTS `craft_widgets`;


--
-- Schema for table `craft_widgets`
--
CREATE TABLE `craft_widgets` (
  `id` int(11) NOT NULL AUTO_INCREMENT,
  `userId` int(11) NOT NULL,
  `type` varchar(150) COLLATE utf8_unicode_ci NOT NULL,
  `sortOrder` smallint(6) unsigned DEFAULT NULL,
  `colspan` tinyint(4) unsigned DEFAULT NULL,
  `settings` text COLLATE utf8_unicode_ci,
  `enabled` tinyint(1) unsigned NOT NULL DEFAULT '1',
  `dateCreated` datetime NOT NULL,
  `dateUpdated` datetime NOT NULL,
  `uid` char(36) COLLATE utf8_unicode_ci NOT NULL DEFAULT '0',
  PRIMARY KEY (`id`),
  KEY `craft_widgets_userId_fk` (`userId`)
) ENGINE=InnoDB AUTO_INCREMENT=5 DEFAULT CHARSET=utf8 COLLATE=utf8_unicode_ci;

--
-- Data for table `craft_widgets`
--

INSERT INTO `craft_widgets` (`id`, `userId`, `type`, `sortOrder`, `colspan`, `settings`, `enabled`, `dateCreated`, `dateUpdated`, `uid`) VALUES
 ('1', '1', 'RecentEntries', '1', NULL, NULL, '1', '2017-09-15 15:07:54', '2017-09-15 15:07:54', 'b0d95637-d7c8-49ce-94d1-d58fe17dd772'),
 ('2', '1', 'GetHelp', '2', NULL, NULL, '1', '2017-09-15 15:07:54', '2017-09-15 15:07:54', 'eb99e4ee-2ce4-46ff-9f4c-4074260c6bdd'),
 ('3', '1', 'Updates', '3', NULL, NULL, '1', '2017-09-15 15:07:54', '2017-09-15 15:07:54', 'a872b0e3-c8cd-4902-912b-ff2a3d4cfbae'),
 ('4', '1', 'Feed', '4', NULL, '{\"url\":\"https:\\/\\/craftcms.com\\/news.rss\",\"title\":\"Craft News\"}', '1', '2017-09-15 15:07:54', '2017-09-15 15:07:54', 'a896605e-6976-4936-859a-bc3ca05e0070');


--
-- Constraints for tables
--


--
-- Constraints for table `craft_assetfiles`
--
ALTER TABLE `craft_assetfiles`
	ADD CONSTRAINT `craft_assetfiles_folderId_fk` FOREIGN KEY (`folderId`) REFERENCES `craft_assetfolders` (`id`) ON DELETE CASCADE,
	ADD CONSTRAINT `craft_assetfiles_id_fk` FOREIGN KEY (`id`) REFERENCES `craft_elements` (`id`) ON DELETE CASCADE,
	ADD CONSTRAINT `craft_assetfiles_sourceId_fk` FOREIGN KEY (`sourceId`) REFERENCES `craft_assetsources` (`id`) ON DELETE CASCADE;

--
-- Constraints for table `craft_assetfolders`
--
ALTER TABLE `craft_assetfolders`
	ADD CONSTRAINT `craft_assetfolders_parentId_fk` FOREIGN KEY (`parentId`) REFERENCES `craft_assetfolders` (`id`) ON DELETE CASCADE,
	ADD CONSTRAINT `craft_assetfolders_sourceId_fk` FOREIGN KEY (`sourceId`) REFERENCES `craft_assetsources` (`id`) ON DELETE CASCADE;

--
-- Constraints for table `craft_assetindexdata`
--
ALTER TABLE `craft_assetindexdata`
	ADD CONSTRAINT `craft_assetindexdata_sourceId_fk` FOREIGN KEY (`sourceId`) REFERENCES `craft_assetsources` (`id`) ON DELETE CASCADE;

--
-- Constraints for table `craft_assetsources`
--
ALTER TABLE `craft_assetsources`
	ADD CONSTRAINT `craft_assetsources_fieldLayoutId_fk` FOREIGN KEY (`fieldLayoutId`) REFERENCES `craft_fieldlayouts` (`id`) ON DELETE SET NULL;

--
-- Constraints for table `craft_categories`
--
ALTER TABLE `craft_categories`
	ADD CONSTRAINT `craft_categories_groupId_fk` FOREIGN KEY (`groupId`) REFERENCES `craft_categorygroups` (`id`) ON DELETE CASCADE,
	ADD CONSTRAINT `craft_categories_id_fk` FOREIGN KEY (`id`) REFERENCES `craft_elements` (`id`) ON DELETE CASCADE;

--
-- Constraints for table `craft_categorygroups`
--
ALTER TABLE `craft_categorygroups`
	ADD CONSTRAINT `craft_categorygroups_fieldLayoutId_fk` FOREIGN KEY (`fieldLayoutId`) REFERENCES `craft_fieldlayouts` (`id`) ON DELETE SET NULL,
	ADD CONSTRAINT `craft_categorygroups_structureId_fk` FOREIGN KEY (`structureId`) REFERENCES `craft_structures` (`id`) ON DELETE CASCADE;

--
-- Constraints for table `craft_categorygroups_i18n`
--
ALTER TABLE `craft_categorygroups_i18n`
	ADD CONSTRAINT `craft_categorygroups_i18n_groupId_fk` FOREIGN KEY (`groupId`) REFERENCES `craft_categorygroups` (`id`) ON DELETE CASCADE,
	ADD CONSTRAINT `craft_categorygroups_i18n_locale_fk` FOREIGN KEY (`locale`) REFERENCES `craft_locales` (`locale`) ON DELETE CASCADE ON UPDATE CASCADE;

--
-- Constraints for table `craft_content`
--
ALTER TABLE `craft_content`
	ADD CONSTRAINT `craft_content_elementId_fk` FOREIGN KEY (`elementId`) REFERENCES `craft_elements` (`id`) ON DELETE CASCADE,
	ADD CONSTRAINT `craft_content_locale_fk` FOREIGN KEY (`locale`) REFERENCES `craft_locales` (`locale`) ON DELETE CASCADE ON UPDATE CASCADE;

--
-- Constraints for table `craft_elements_i18n`
--
ALTER TABLE `craft_elements_i18n`
	ADD CONSTRAINT `craft_elements_i18n_elementId_fk` FOREIGN KEY (`elementId`) REFERENCES `craft_elements` (`id`) ON DELETE CASCADE,
	ADD CONSTRAINT `craft_elements_i18n_locale_fk` FOREIGN KEY (`locale`) REFERENCES `craft_locales` (`locale`) ON DELETE CASCADE ON UPDATE CASCADE;

--
-- Constraints for table `craft_emailmessages`
--
ALTER TABLE `craft_emailmessages`
	ADD CONSTRAINT `craft_emailmessages_locale_fk` FOREIGN KEY (`locale`) REFERENCES `craft_locales` (`locale`) ON DELETE CASCADE ON UPDATE CASCADE;

--
-- Constraints for table `craft_entries`
--
ALTER TABLE `craft_entries`
	ADD CONSTRAINT `craft_entries_authorId_fk` FOREIGN KEY (`authorId`) REFERENCES `craft_users` (`id`) ON DELETE CASCADE,
	ADD CONSTRAINT `craft_entries_id_fk` FOREIGN KEY (`id`) REFERENCES `craft_elements` (`id`) ON DELETE CASCADE,
	ADD CONSTRAINT `craft_entries_sectionId_fk` FOREIGN KEY (`sectionId`) REFERENCES `craft_sections` (`id`) ON DELETE CASCADE,
	ADD CONSTRAINT `craft_entries_typeId_fk` FOREIGN KEY (`typeId`) REFERENCES `craft_entrytypes` (`id`) ON DELETE CASCADE;

--
-- Constraints for table `craft_entrydrafts`
--
ALTER TABLE `craft_entrydrafts`
	ADD CONSTRAINT `craft_entrydrafts_creatorId_fk` FOREIGN KEY (`creatorId`) REFERENCES `craft_users` (`id`) ON DELETE CASCADE,
	ADD CONSTRAINT `craft_entrydrafts_entryId_fk` FOREIGN KEY (`entryId`) REFERENCES `craft_entries` (`id`) ON DELETE CASCADE,
	ADD CONSTRAINT `craft_entrydrafts_locale_fk` FOREIGN KEY (`locale`) REFERENCES `craft_locales` (`locale`) ON DELETE CASCADE ON UPDATE CASCADE,
	ADD CONSTRAINT `craft_entrydrafts_sectionId_fk` FOREIGN KEY (`sectionId`) REFERENCES `craft_sections` (`id`) ON DELETE CASCADE;

--
-- Constraints for table `craft_entrytypes`
--
ALTER TABLE `craft_entrytypes`
	ADD CONSTRAINT `craft_entrytypes_fieldLayoutId_fk` FOREIGN KEY (`fieldLayoutId`) REFERENCES `craft_fieldlayouts` (`id`) ON DELETE SET NULL,
	ADD CONSTRAINT `craft_entrytypes_sectionId_fk` FOREIGN KEY (`sectionId`) REFERENCES `craft_sections` (`id`) ON DELETE CASCADE;

--
-- Constraints for table `craft_entryversions`
--
ALTER TABLE `craft_entryversions`
	ADD CONSTRAINT `craft_entryversions_creatorId_fk` FOREIGN KEY (`creatorId`) REFERENCES `craft_users` (`id`) ON DELETE SET NULL,
	ADD CONSTRAINT `craft_entryversions_entryId_fk` FOREIGN KEY (`entryId`) REFERENCES `craft_entries` (`id`) ON DELETE CASCADE,
	ADD CONSTRAINT `craft_entryversions_locale_fk` FOREIGN KEY (`locale`) REFERENCES `craft_locales` (`locale`) ON DELETE CASCADE ON UPDATE CASCADE,
	ADD CONSTRAINT `craft_entryversions_sectionId_fk` FOREIGN KEY (`sectionId`) REFERENCES `craft_sections` (`id`) ON DELETE CASCADE;

--
-- Constraints for table `craft_fieldlayoutfields`
--
ALTER TABLE `craft_fieldlayoutfields`
	ADD CONSTRAINT `craft_fieldlayoutfields_fieldId_fk` FOREIGN KEY (`fieldId`) REFERENCES `craft_fields` (`id`) ON DELETE CASCADE,
	ADD CONSTRAINT `craft_fieldlayoutfields_layoutId_fk` FOREIGN KEY (`layoutId`) REFERENCES `craft_fieldlayouts` (`id`) ON DELETE CASCADE,
	ADD CONSTRAINT `craft_fieldlayoutfields_tabId_fk` FOREIGN KEY (`tabId`) REFERENCES `craft_fieldlayouttabs` (`id`) ON DELETE CASCADE;

--
-- Constraints for table `craft_fieldlayouttabs`
--
ALTER TABLE `craft_fieldlayouttabs`
	ADD CONSTRAINT `craft_fieldlayouttabs_layoutId_fk` FOREIGN KEY (`layoutId`) REFERENCES `craft_fieldlayouts` (`id`) ON DELETE CASCADE;

--
-- Constraints for table `craft_fields`
--
ALTER TABLE `craft_fields`
	ADD CONSTRAINT `craft_fields_groupId_fk` FOREIGN KEY (`groupId`) REFERENCES `craft_fieldgroups` (`id`) ON DELETE CASCADE;

--
-- Constraints for table `craft_globalsets`
--
ALTER TABLE `craft_globalsets`
	ADD CONSTRAINT `craft_globalsets_fieldLayoutId_fk` FOREIGN KEY (`fieldLayoutId`) REFERENCES `craft_fieldlayouts` (`id`) ON DELETE SET NULL,
	ADD CONSTRAINT `craft_globalsets_id_fk` FOREIGN KEY (`id`) REFERENCES `craft_elements` (`id`) ON DELETE CASCADE;

--
-- Constraints for table `craft_matrixblocks`
--
ALTER TABLE `craft_matrixblocks`
	ADD CONSTRAINT `craft_matrixblocks_fieldId_fk` FOREIGN KEY (`fieldId`) REFERENCES `craft_fields` (`id`) ON DELETE CASCADE,
	ADD CONSTRAINT `craft_matrixblocks_id_fk` FOREIGN KEY (`id`) REFERENCES `craft_elements` (`id`) ON DELETE CASCADE,
	ADD CONSTRAINT `craft_matrixblocks_ownerId_fk` FOREIGN KEY (`ownerId`) REFERENCES `craft_elements` (`id`) ON DELETE CASCADE,
	ADD CONSTRAINT `craft_matrixblocks_ownerLocale_fk` FOREIGN KEY (`ownerLocale`) REFERENCES `craft_locales` (`locale`) ON DELETE CASCADE ON UPDATE CASCADE,
	ADD CONSTRAINT `craft_matrixblocks_typeId_fk` FOREIGN KEY (`typeId`) REFERENCES `craft_matrixblocktypes` (`id`) ON DELETE CASCADE;

--
-- Constraints for table `craft_matrixblocktypes`
--
ALTER TABLE `craft_matrixblocktypes`
	ADD CONSTRAINT `craft_matrixblocktypes_fieldId_fk` FOREIGN KEY (`fieldId`) REFERENCES `craft_fields` (`id`) ON DELETE CASCADE,
	ADD CONSTRAINT `craft_matrixblocktypes_fieldLayoutId_fk` FOREIGN KEY (`fieldLayoutId`) REFERENCES `craft_fieldlayouts` (`id`) ON DELETE SET NULL;

--
-- Constraints for table `craft_matrixcontent_activefunds`
--
ALTER TABLE `craft_matrixcontent_activefunds`
	ADD CONSTRAINT `craft_matrixcontent_activefunds_elementId_fk` FOREIGN KEY (`elementId`) REFERENCES `craft_elements` (`id`) ON DELETE CASCADE,
	ADD CONSTRAINT `craft_matrixcontent_activefunds_locale_fk` FOREIGN KEY (`locale`) REFERENCES `craft_locales` (`locale`) ON DELETE CASCADE ON UPDATE CASCADE;

--
-- Constraints for table `craft_migrations`
--
ALTER TABLE `craft_migrations`
	ADD CONSTRAINT `craft_migrations_pluginId_fk` FOREIGN KEY (`pluginId`) REFERENCES `craft_plugins` (`id`) ON DELETE CASCADE;

--
-- Constraints for table `craft_relations`
--
ALTER TABLE `craft_relations`
	ADD CONSTRAINT `craft_relations_fieldId_fk` FOREIGN KEY (`fieldId`) REFERENCES `craft_fields` (`id`) ON DELETE CASCADE,
	ADD CONSTRAINT `craft_relations_sourceId_fk` FOREIGN KEY (`sourceId`) REFERENCES `craft_elements` (`id`) ON DELETE CASCADE,
	ADD CONSTRAINT `craft_relations_sourceLocale_fk` FOREIGN KEY (`sourceLocale`) REFERENCES `craft_locales` (`locale`) ON DELETE CASCADE ON UPDATE CASCADE,
	ADD CONSTRAINT `craft_relations_targetId_fk` FOREIGN KEY (`targetId`) REFERENCES `craft_elements` (`id`) ON DELETE CASCADE;

--
-- Constraints for table `craft_routes`
--
ALTER TABLE `craft_routes`
	ADD CONSTRAINT `craft_routes_locale_fk` FOREIGN KEY (`locale`) REFERENCES `craft_locales` (`locale`) ON DELETE CASCADE ON UPDATE CASCADE;

--
-- Constraints for table `craft_sections`
--
ALTER TABLE `craft_sections`
	ADD CONSTRAINT `craft_sections_structureId_fk` FOREIGN KEY (`structureId`) REFERENCES `craft_structures` (`id`) ON DELETE SET NULL;

--
-- Constraints for table `craft_sections_i18n`
--
ALTER TABLE `craft_sections_i18n`
	ADD CONSTRAINT `craft_sections_i18n_locale_fk` FOREIGN KEY (`locale`) REFERENCES `craft_locales` (`locale`) ON DELETE CASCADE ON UPDATE CASCADE,
	ADD CONSTRAINT `craft_sections_i18n_sectionId_fk` FOREIGN KEY (`sectionId`) REFERENCES `craft_sections` (`id`) ON DELETE CASCADE;

--
-- Constraints for table `craft_sessions`
--
ALTER TABLE `craft_sessions`
	ADD CONSTRAINT `craft_sessions_userId_fk` FOREIGN KEY (`userId`) REFERENCES `craft_users` (`id`) ON DELETE CASCADE;

--
-- Constraints for table `craft_shunnedmessages`
--
ALTER TABLE `craft_shunnedmessages`
	ADD CONSTRAINT `craft_shunnedmessages_userId_fk` FOREIGN KEY (`userId`) REFERENCES `craft_users` (`id`) ON DELETE CASCADE;

--
-- Constraints for table `craft_structureelements`
--
ALTER TABLE `craft_structureelements`
	ADD CONSTRAINT `craft_structureelements_elementId_fk` FOREIGN KEY (`elementId`) REFERENCES `craft_elements` (`id`) ON DELETE CASCADE,
	ADD CONSTRAINT `craft_structureelements_structureId_fk` FOREIGN KEY (`structureId`) REFERENCES `craft_structures` (`id`) ON DELETE CASCADE;

--
-- Constraints for table `craft_taggroups`
--
ALTER TABLE `craft_taggroups`
	ADD CONSTRAINT `craft_taggroups_fieldLayoutId_fk` FOREIGN KEY (`fieldLayoutId`) REFERENCES `craft_fieldlayouts` (`id`) ON DELETE SET NULL;

--
-- Constraints for table `craft_tags`
--
ALTER TABLE `craft_tags`
	ADD CONSTRAINT `craft_tags_groupId_fk` FOREIGN KEY (`groupId`) REFERENCES `craft_taggroups` (`id`) ON DELETE CASCADE,
	ADD CONSTRAINT `craft_tags_id_fk` FOREIGN KEY (`id`) REFERENCES `craft_elements` (`id`) ON DELETE CASCADE;

--
-- Constraints for table `craft_templatecachecriteria`
--
ALTER TABLE `craft_templatecachecriteria`
	ADD CONSTRAINT `craft_templatecachecriteria_cacheId_fk` FOREIGN KEY (`cacheId`) REFERENCES `craft_templatecaches` (`id`) ON DELETE CASCADE;

--
-- Constraints for table `craft_templatecacheelements`
--
ALTER TABLE `craft_templatecacheelements`
	ADD CONSTRAINT `craft_templatecacheelements_cacheId_fk` FOREIGN KEY (`cacheId`) REFERENCES `craft_templatecaches` (`id`) ON DELETE CASCADE,
	ADD CONSTRAINT `craft_templatecacheelements_elementId_fk` FOREIGN KEY (`elementId`) REFERENCES `craft_elements` (`id`) ON DELETE CASCADE;

--
-- Constraints for table `craft_templatecaches`
--
ALTER TABLE `craft_templatecaches`
	ADD CONSTRAINT `craft_templatecaches_locale_fk` FOREIGN KEY (`locale`) REFERENCES `craft_locales` (`locale`) ON DELETE CASCADE ON UPDATE CASCADE;

--
-- Constraints for table `craft_usergroups_users`
--
ALTER TABLE `craft_usergroups_users`
	ADD CONSTRAINT `craft_usergroups_users_groupId_fk` FOREIGN KEY (`groupId`) REFERENCES `craft_usergroups` (`id`) ON DELETE CASCADE,
	ADD CONSTRAINT `craft_usergroups_users_userId_fk` FOREIGN KEY (`userId`) REFERENCES `craft_users` (`id`) ON DELETE CASCADE;

--
-- Constraints for table `craft_userpermissions_usergroups`
--
ALTER TABLE `craft_userpermissions_usergroups`
	ADD CONSTRAINT `craft_userpermissions_usergroups_groupId_fk` FOREIGN KEY (`groupId`) REFERENCES `craft_usergroups` (`id`) ON DELETE CASCADE,
	ADD CONSTRAINT `craft_userpermissions_usergroups_permissionId_fk` FOREIGN KEY (`permissionId`) REFERENCES `craft_userpermissions` (`id`) ON DELETE CASCADE;

--
-- Constraints for table `craft_userpermissions_users`
--
ALTER TABLE `craft_userpermissions_users`
	ADD CONSTRAINT `craft_userpermissions_users_permissionId_fk` FOREIGN KEY (`permissionId`) REFERENCES `craft_userpermissions` (`id`) ON DELETE CASCADE,
	ADD CONSTRAINT `craft_userpermissions_users_userId_fk` FOREIGN KEY (`userId`) REFERENCES `craft_users` (`id`) ON DELETE CASCADE;

--
-- Constraints for table `craft_users`
--
ALTER TABLE `craft_users`
	ADD CONSTRAINT `craft_users_id_fk` FOREIGN KEY (`id`) REFERENCES `craft_elements` (`id`) ON DELETE CASCADE,
	ADD CONSTRAINT `craft_users_preferredLocale_fk` FOREIGN KEY (`preferredLocale`) REFERENCES `craft_locales` (`locale`) ON DELETE SET NULL ON UPDATE CASCADE;

--
-- Constraints for table `craft_widgets`
--
ALTER TABLE `craft_widgets`
	ADD CONSTRAINT `craft_widgets_userId_fk` FOREIGN KEY (`userId`) REFERENCES `craft_users` (`id`) ON DELETE CASCADE;

SET FOREIGN_KEY_CHECKS = 1;
